[38;5;112m[Appium][0m Welcome to Appium v2.15.0 (REV 23facb219df8615680636ef12103bb3313f44e2a)
[38;5;112m[Appium][0m Non-default server args:
[38;5;112m[Appium][0m { basePath: [32m'/wd/hub'[39m, loglevel: [32m'info'[39m, port: [33m55273[39m }
[38;5;112m[Appium][0m Attempting to load driver xcuitest...
[38;5;112m[Appium][0m Appium REST http interface listener started on http://0.0.0.0:55273/wd/hub
[38;5;112m[Appium][0m You can provide the following URLs in your client code to connect to this server:
	http://127.0.0.1:55273/wd/hub (only accessible from the same host)
	http://192.168.1.102:55273/wd/hub
	http://169.254.179.111:55273/wd/hub
[38;5;112m[Appium][0m Available drivers:
[38;5;112m[Appium][0m   - xcuitest@8.1.0 (automationName 'XCUITest')
[38;5;112m[Appium][0m No plugins have been installed. Use the "appium plugin" command to install the one(s) you want to use.
[38;5;86m[HTTP][0m [37m-->[39m [37mGET[39m [37m/wd/hub/status[39m {}
[38;5;86m[HTTP][0m <-- GET /wd/hub/status 200 2 ms - 200 
[38;5;86m[HTTP][0m [37m-->[39m [37mGET[39m [37m/wd/hub/status[39m {}
[38;5;86m[HTTP][0m <-- GET /wd/hub/status 200 2 ms - 200 
[38;5;86m[HTTP][0m [37m-->[39m [37mPOST[39m [37m/wd/hub/session[39m {"desiredCapabilities":{"appium:waitForAppScript":"true;","appium:udid":"00008110-001E6CE00293801E","appium:newCommandTimeout":1800,"appium:wdaLocalPort":55291,"appium:bundleId":"com.eisplc.winfertility","appium:deviceName":"Admin’s iPhone","platformName":"iOS","appium:automationName":"XCUITest","appium:platformVersion":"18.3","appium:deviceId":"00008110-001E6CE00293801E"},"capabilities":{"firstMatch":[{"appium:automationName":"XCUITest","appium:bundleId":"com.eisplc.winfertility","appium:deviceId":"00008110-001E6CE00293801E","appium:deviceName":"Admin’s iPhone","appium:newCommandTimeout":1800,"appium:platformVersion":"18.3","appium:udid":"00008110-001E6CE00293801E","appium:waitForAppScript":"true;","appium:wdaLocalPort":55291,"platformName":"ios"}]}}
[38;5;112m[Appium][0m Attempting to find matching driver for automationName 'XCUITest' and platformName 'ios'
[38;5;112m[Appium][0m The 'xcuitest' driver was installed and matched caps.
[38;5;112m[Appium][0m Will require it at /Users/admin/.appium/node_modules/appium-xcuitest-driver
[38;5;130m[AppiumDriver@3a66][0m Appium v2.15.0 creating new XCUITestDriver (v8.1.0) session
[38;5;130m[AppiumDriver@3a66][0m Checking BaseDriver versions for Appium and XCUITestDriver
[38;5;130m[AppiumDriver@3a66][0m Appium's BaseDriver version is 9.15.0
[38;5;130m[AppiumDriver@3a66][0m XCUITestDriver's BaseDriver version is 9.15.0
[38;5;109m[XCUITestDriver@e07b][0m The following provided capabilities were not recognized by this driver:
[38;5;109m[XCUITestDriver@e07b][0m   deviceId
[38;5;109m[XCUITestDriver@e07b][0m   waitForAppScript
[38;5;69m[5c4101fc][0m[38;5;109m[XCUITestDriver@e07b][0m Session created with session id: 5c4101fc-81f0-4e7e-a799-2a5c98df72bd
[38;5;69m[5c4101fc][0m[38;5;109m[XCUITestDriver@e07b][0m Determining device to run tests on: udid: '00008110-001E6CE00293801E', real device: true
[38;5;69m[5c4101fc][0m[38;5;109m[XCUITestDriver@e07b][0m Using WDA path: '/Users/admin/.appium/node_modules/appium-xcuitest-driver/node_modules/appium-webdriveragent'
[38;5;69m[5c4101fc][0m[38;5;109m[XCUITestDriver@e07b][0m Using WDA agent: '/Users/admin/.appium/node_modules/appium-xcuitest-driver/node_modules/appium-webdriveragent/WebDriverAgent.xcodeproj'
[38;5;69m[5c4101fc][0m[38;5;109m[XCUITestDriver@e07b][0m The pyidevice tool is not present in PATH. Skipping crash logs collection for real devices.
[38;5;69m[5c4101fc][0m[38;5;109m[XCUITestDriver@e07b][0m Setting up real device
[38;5;69m[5c4101fc][0m[38;5;23m[DevCon Factory][0m Requesting connection for device 00008110-001E6CE00293801E on local port 55291, device port 55291
[38;5;69m[5c4101fc][0m[38;5;23m[DevCon Factory][0m Successfully requested the connection for 00008110-001E6CE00293801E:55291
[38;5;69m[5c4101fc][0m[38;5;151m[WD Proxy][0m socket hang up
[38;5;69m[5c4101fc][0m[38;5;109m[XCUITestDriver@e07b][0m Launching WebDriverAgent on the device
[38;5;69m[5c4101fc][0m[38;5;109m[XCUITestDriver@e07b][0m There is no need to perform the project cleanup. A fresh install has been detected
[38;5;69m[5c4101fc][0m[38;5;109m[XCUITestDriver@e07b][0m socket hang up
[38;5;69m[5c4101fc][0m[38;5;109m[XCUITestDriver@e07b][0m socket hang up
[38;5;69m[5c4101fc][0m[38;5;109m[XCUITestDriver@e07b][0m socket hang up
[38;5;69m[5c4101fc][0m[38;5;109m[XCUITestDriver@e07b][0m socket hang up
[38;5;69m[5c4101fc][0m[38;5;109m[XCUITestDriver@e07b][0m socket hang up
[38;5;69m[5c4101fc][0m[38;5;109m[XCUITestDriver@e07b][0m socket hang up
[38;5;69m[5c4101fc][0m[38;5;109m[XCUITestDriver@e07b][0m socket hang up
[38;5;69m[5c4101fc][0m[38;5;109m[XCUITestDriver@e07b][0m socket hang up
[38;5;69m[5c4101fc][0m[38;5;109m[XCUITestDriver@e07b][0m socket hang up
[38;5;69m[5c4101fc][0m[38;5;109m[XCUITestDriver@e07b][0m socket hang up
[38;5;69m[5c4101fc][0m[38;5;109m[XCUITestDriver@e07b][0m socket hang up
[38;5;69m[5c4101fc][0m[38;5;109m[XCUITestDriver@e07b][0m socket hang up
[38;5;69m[5c4101fc][0m[38;5;109m[XCUITestDriver@e07b][0m socket hang up
[38;5;69m[5c4101fc][0m[38;5;109m[XCUITestDriver@e07b][0m socket hang up
[38;5;69m[5c4101fc][0m[38;5;109m[XCUITestDriver@e07b][0m socket hang up
[38;5;69m[5c4101fc][0m[38;5;109m[XCUITestDriver@e07b][0m socket hang up
[38;5;69m[5c4101fc][0m[38;5;109m[XCUITestDriver@e07b][0m socket hang up
[38;5;69m[5c4101fc][0m[38;5;109m[XCUITestDriver@e07b][0m socket hang up
[38;5;69m[5c4101fc][0m[38;5;109m[XCUITestDriver@e07b][0m socket hang up
[38;5;69m[5c4101fc][0m[38;5;109m[XCUITestDriver@e07b][0m socket hang up
[38;5;69m[5c4101fc][0m[38;5;109m[XCUITestDriver@e07b][0m socket hang up
[38;5;69m[5c4101fc][0m[38;5;109m[XCUITestDriver@e07b][0m socket hang up
[38;5;69m[5c4101fc][0m[38;5;109m[XCUITestDriver@e07b][0m socket hang up
[38;5;69m[5c4101fc][0m[38;5;109m[XCUITestDriver@e07b][0m socket hang up
[38;5;69m[5c4101fc][0m[38;5;109m[XCUITestDriver@e07b][0m socket hang up
[38;5;69m[5c4101fc][0m[38;5;109m[XCUITestDriver@e07b][0m socket hang up
[38;5;69m[5c4101fc][0m[38;5;109m[XCUITestDriver@e07b][0m socket hang up
[38;5;69m[5c4101fc][0m[38;5;109m[XCUITestDriver@e07b][0m socket hang up
[38;5;69m[5c4101fc][0m[38;5;109m[XCUITestDriver@e07b][0m socket hang up
[38;5;69m[5c4101fc][0m[38;5;109m[XCUITestDriver@e07b][0m socket hang up
[38;5;69m[5c4101fc][0m[38;5;109m[XCUITestDriver@e07b][0m socket hang up
[38;5;69m[5c4101fc][0m[38;5;109m[XCUITestDriver@e07b][0m socket hang up
[38;5;69m[5c4101fc][0m[38;5;109m[XCUITestDriver@e07b][0m socket hang up
[38;5;69m[5c4101fc][0m[38;5;109m[XCUITestDriver@e07b][0m socket hang up
[38;5;69m[5c4101fc][0m[38;5;109m[XCUITestDriver@e07b][0m socket hang up
[38;5;69m[5c4101fc][0m[38;5;109m[XCUITestDriver@e07b][0m socket hang up
[38;5;69m[5c4101fc][0m[38;5;109m[XCUITestDriver@e07b][0m socket hang up
[38;5;69m[5c4101fc][0m[38;5;109m[XCUITestDriver@e07b][0m socket hang up
[38;5;69m[5c4101fc][0m[38;5;109m[XCUITestDriver@e07b][0m socket hang up
[38;5;69m[5c4101fc][0m[38;5;109m[XCUITestDriver@e07b][0m socket hang up
[38;5;69m[5c4101fc][0m[38;5;109m[XCUITestDriver@e07b][0m socket hang up
[38;5;69m[5c4101fc][0m[38;5;109m[XCUITestDriver@e07b][0m socket hang up
[38;5;69m[5c4101fc][0m[38;5;109m[XCUITestDriver@e07b][0m socket hang up
[38;5;69m[5c4101fc][0m[38;5;109m[XCUITestDriver@e07b][0m socket hang up
[38;5;69m[5c4101fc][0m[38;5;109m[XCUITestDriver@e07b][0m socket hang up
[38;5;69m[5c4101fc][0m[38;5;109m[XCUITestDriver@e07b][0m socket hang up
[38;5;69m[5c4101fc][0m[38;5;109m[XCUITestDriver@e07b][0m socket hang up
[38;5;69m[5c4101fc][0m[38;5;109m[XCUITestDriver@e07b][0m socket hang up
[38;5;69m[5c4101fc][0m[38;5;109m[XCUITestDriver@e07b][0m socket hang up
[38;5;69m[5c4101fc][0m[38;5;109m[XCUITestDriver@e07b][0m Determined the downstream protocol as 'W3C'
[38;5;69m[5c4101fc][0m[38;5;109m[XCUITestDriver@e07b][0m WDA session startup took 1923ms
[38;5;69m[5c4101fc][0m[38;5;23m[DevCon Factory][0m Requesting connection for device 00008110-001E6CE00293801E on local port 9100, device port 9100
[38;5;69m[5c4101fc][0m[38;5;23m[DevCon Factory][0m Successfully requested the connection for 00008110-001E6CE00293801E:9100
[38;5;69m[5c4101fc][0m[38;5;130m[AppiumDriver@3a66][0m New XCUITestDriver session created successfully, session 5c4101fc-81f0-4e7e-a799-2a5c98df72bd added to master session list
[38;5;69m[5c4101fc][0m[38;5;86m[HTTP][0m <-- POST /wd/hub/session 200 52818 ms - 565 
[38;5;69m[5c4101fc][0m[38;5;86m[HTTP][0m [37m-->[39m [37mGET[39m [37m/wd/hub/session/5c4101fc-81f0-4e7e-a799-2a5c98df72bd[39m {}
[38;5;69m[5c4101fc][0m[38;5;86m[HTTP][0m <-- GET /wd/hub/session/5c4101fc-81f0-4e7e-a799-2a5c98df72bd 200 3 ms - 301 
[38;5;69m[5c4101fc][0m[38;5;86m[HTTP][0m [37m-->[39m [37mGET[39m [37m/wd/hub/session/5c4101fc-81f0-4e7e-a799-2a5c98df72bd[39m {}
[38;5;69m[5c4101fc][0m[38;5;86m[HTTP][0m <-- GET /wd/hub/session/5c4101fc-81f0-4e7e-a799-2a5c98df72bd 200 1 ms - 301 
[38;5;86m[HTTP][0m [37m-->[39m [37mGET[39m [37m/wd/hub/status[39m {}
[38;5;86m[HTTP][0m <-- GET /wd/hub/status 200 1 ms - 200 
[38;5;69m[5c4101fc][0m[38;5;86m[HTTP][0m [37m-->[39m [37mPOST[39m [37m/wd/hub/session/5c4101fc-81f0-4e7e-a799-2a5c98df72bd/timeouts[39m {"implicit":60000}
[38;5;69m[5c4101fc][0m[38;5;86m[HTTP][0m <-- POST /wd/hub/session/5c4101fc-81f0-4e7e-a799-2a5c98df72bd/timeouts 200 1 ms - 14 
[38;5;69m[5c4101fc][0m[38;5;86m[HTTP][0m [37m-->[39m [37mPOST[39m [37m/wd/hub/session/5c4101fc-81f0-4e7e-a799-2a5c98df72bd/execute/sync[39m {"script":"mobile: deviceScreenInfo","args":[]}
[38;5;69m[5c4101fc][0m[38;5;86m[HTTP][0m <-- POST /wd/hub/session/5c4101fc-81f0-4e7e-a799-2a5c98df72bd/execute/sync 200 227 ms - 103 
[38;5;69m[5c4101fc][0m[38;5;86m[HTTP][0m [37m-->[39m [37mPOST[39m [37m/wd/hub/session/5c4101fc-81f0-4e7e-a799-2a5c98df72bd/execute/sync[39m {"script":"mobile: deviceScreenInfo","args":[]}
[38;5;69m[5c4101fc][0m[38;5;86m[HTTP][0m <-- POST /wd/hub/session/5c4101fc-81f0-4e7e-a799-2a5c98df72bd/execute/sync 200 4 ms - 103 
[38;5;69m[5c4101fc][0m[38;5;86m[HTTP][0m [37m-->[39m [37mPOST[39m [37m/wd/hub/session/5c4101fc-81f0-4e7e-a799-2a5c98df72bd/appium/device/activate_app[39m {"bundleId":"com.eisplc.winfertility"}
[38;5;69m[5c4101fc][0m[38;5;86m[HTTP][0m <-- POST /wd/hub/session/5c4101fc-81f0-4e7e-a799-2a5c98df72bd/appium/device/activate_app 200 23 ms - 14 
[38;5;69m[5c4101fc][0m[38;5;86m[HTTP][0m [37m-->[39m [37mPOST[39m [37m/wd/hub/session/5c4101fc-81f0-4e7e-a799-2a5c98df72bd/execute/sync[39m {"script":"mobile: source","args":[{"format":"xml","excludedAttributes":"visible"}]}
[38;5;69m[5c4101fc][0m[38;5;86m[HTTP][0m <-- POST /wd/hub/session/5c4101fc-81f0-4e7e-a799-2a5c98df72bd/execute/sync 200 535 ms - 7712 
[38;5;69m[5c4101fc][0m[38;5;86m[HTTP][0m [37m-->[39m [37mGET[39m [37m/wd/hub/session/5c4101fc-81f0-4e7e-a799-2a5c98df72bd/screenshot[39m {}
[38;5;69m[5c4101fc][0m[38;5;86m[HTTP][0m <-- GET /wd/hub/session/5c4101fc-81f0-4e7e-a799-2a5c98df72bd/screenshot 200 245 ms - 175708 
[38;5;69m[5c4101fc][0m[38;5;86m[HTTP][0m [37m-->[39m [37mGET[39m [37m/wd/hub/session/5c4101fc-81f0-4e7e-a799-2a5c98df72bd/screenshot[39m {}
[38;5;69m[5c4101fc][0m[38;5;86m[HTTP][0m <-- GET /wd/hub/session/5c4101fc-81f0-4e7e-a799-2a5c98df72bd/screenshot 200 355 ms - 2648596 
[38;5;69m[5c4101fc][0m[38;5;86m[HTTP][0m [37m-->[39m [37mPOST[39m [37m/wd/hub/session/5c4101fc-81f0-4e7e-a799-2a5c98df72bd/execute/sync[39m {"script":"mobile: source","args":[{"format":"xml","excludedAttributes":"visible"}]}
[38;5;69m[5c4101fc][0m[38;5;86m[HTTP][0m <-- POST /wd/hub/session/5c4101fc-81f0-4e7e-a799-2a5c98df72bd/execute/sync 200 1722 ms - 22740 
[38;5;69m[5c4101fc][0m[38;5;86m[HTTP][0m [37m-->[39m [37mGET[39m [37m/wd/hub/session/5c4101fc-81f0-4e7e-a799-2a5c98df72bd/screenshot[39m {}
[38;5;69m[5c4101fc][0m[38;5;86m[HTTP][0m <-- GET /wd/hub/session/5c4101fc-81f0-4e7e-a799-2a5c98df72bd/screenshot 200 331 ms - 2648596 
[38;5;69m[5c4101fc][0m[38;5;86m[HTTP][0m [37m-->[39m [37mGET[39m [37m/wd/hub/session/5c4101fc-81f0-4e7e-a799-2a5c98df72bd/window/rect[39m {}
[38;5;69m[5c4101fc][0m[38;5;86m[HTTP][0m <-- GET /wd/hub/session/5c4101fc-81f0-4e7e-a799-2a5c98df72bd/window/rect 200 211 ms - 48 
[38;5;69m[5c4101fc][0m[38;5;86m[HTTP][0m [37m-->[39m [37mPOST[39m [37m/wd/hub/session/5c4101fc-81f0-4e7e-a799-2a5c98df72bd/elements[39m {"using":"xpath","value":"//*[@type = 'XCUIElementTypeImage' and @label = 'pinkRecangle' and @name = 'pinkRecangle']"}
[38;5;69m[5c4101fc][0m[38;5;86m[HTTP][0m <-- POST /wd/hub/session/5c4101fc-81f0-4e7e-a799-2a5c98df72bd/elements 200 1311 ms - 779 
[38;5;69m[5c4101fc][0m[38;5;86m[HTTP][0m [37m-->[39m [37mGET[39m [37m/wd/hub/session/5c4101fc-81f0-4e7e-a799-2a5c98df72bd/element/50000000-0000-0000-DE13-000000000000/location[39m {}
[38;5;69m[5c4101fc][0m[38;5;86m[HTTP][0m <-- GET /wd/hub/session/5c4101fc-81f0-4e7e-a799-2a5c98df72bd/element/50000000-0000-0000-DE13-000000000000/location 200 89 ms - 26 
[38;5;69m[5c4101fc][0m[38;5;86m[HTTP][0m [37m-->[39m [37mPOST[39m [37m/wd/hub/session/5c4101fc-81f0-4e7e-a799-2a5c98df72bd/element/50000000-0000-0000-DE13-000000000000/click[39m {"id":"50000000-0000-0000-DE13-000000000000"}
[38;5;69m[5c4101fc][0m[38;5;109m[XCUITestDriver@e07b][0m Driver proxy active, passing request on via HTTP proxy
[38;5;69m[5c4101fc][0m[38;5;109m[XCUITestDriver@e07b][0m Replacing sessionId 6DF50C26-EDAD-4536-AB65-4734112A5F31 with 5c4101fc-81f0-4e7e-a799-2a5c98df72bd
[38;5;69m[5c4101fc][0m[38;5;86m[HTTP][0m <-- POST /wd/hub/session/5c4101fc-81f0-4e7e-a799-2a5c98df72bd/element/50000000-0000-0000-DE13-000000000000/click 200 538 ms - 65 
[38;5;69m[5c4101fc][0m[38;5;86m[HTTP][0m [37m-->[39m [37mPOST[39m [37m/wd/hub/session/5c4101fc-81f0-4e7e-a799-2a5c98df72bd/execute/sync[39m {"script":"mobile: source","args":[{"format":"xml","excludedAttributes":"visible"}]}
[38;5;69m[5c4101fc][0m[38;5;86m[HTTP][0m <-- POST /wd/hub/session/5c4101fc-81f0-4e7e-a799-2a5c98df72bd/execute/sync 200 1105 ms - 12960 
[38;5;69m[5c4101fc][0m[38;5;86m[HTTP][0m [37m-->[39m [37mGET[39m [37m/wd/hub/session/5c4101fc-81f0-4e7e-a799-2a5c98df72bd/screenshot[39m {}
[38;5;69m[5c4101fc][0m[38;5;86m[HTTP][0m <-- GET /wd/hub/session/5c4101fc-81f0-4e7e-a799-2a5c98df72bd/screenshot 200 176 ms - 332312 
[38;5;69m[5c4101fc][0m[38;5;86m[HTTP][0m [37m-->[39m [37mGET[39m [37m/wd/hub/session/5c4101fc-81f0-4e7e-a799-2a5c98df72bd/screenshot[39m {}
[38;5;69m[5c4101fc][0m[38;5;86m[HTTP][0m <-- GET /wd/hub/session/5c4101fc-81f0-4e7e-a799-2a5c98df72bd/screenshot 200 235 ms - 314616 
[38;5;69m[5c4101fc][0m[38;5;86m[HTTP][0m [37m-->[39m [37mPOST[39m [37m/wd/hub/session/5c4101fc-81f0-4e7e-a799-2a5c98df72bd/execute/sync[39m {"script":"mobile: source","args":[{"format":"xml","excludedAttributes":"visible"}]}
[38;5;69m[5c4101fc][0m[38;5;86m[HTTP][0m <-- POST /wd/hub/session/5c4101fc-81f0-4e7e-a799-2a5c98df72bd/execute/sync 200 6484 ms - 115504 
[38;5;69m[5c4101fc][0m[38;5;86m[HTTP][0m [37m-->[39m [37mGET[39m [37m/wd/hub/session/5c4101fc-81f0-4e7e-a799-2a5c98df72bd/screenshot[39m {}
[38;5;69m[5c4101fc][0m[38;5;86m[HTTP][0m <-- GET /wd/hub/session/5c4101fc-81f0-4e7e-a799-2a5c98df72bd/screenshot 200 200 ms - 314616 
[38;5;69m[5c4101fc][0m[38;5;86m[HTTP][0m [37m-->[39m [37mPOST[39m [37m/wd/hub/session/5c4101fc-81f0-4e7e-a799-2a5c98df72bd/execute/sync[39m {"script":"mobile: source","args":[{"format":"xml","excludedAttributes":"visible"}]}
[38;5;69m[5c4101fc][0m[38;5;86m[HTTP][0m <-- POST /wd/hub/session/5c4101fc-81f0-4e7e-a799-2a5c98df72bd/execute/sync 200 7312 ms - 115504 
[38;5;69m[5c4101fc][0m[38;5;86m[HTTP][0m [37m-->[39m [37mGET[39m [37m/wd/hub/session/5c4101fc-81f0-4e7e-a799-2a5c98df72bd/screenshot[39m {}
[38;5;69m[5c4101fc][0m[38;5;86m[HTTP][0m <-- GET /wd/hub/session/5c4101fc-81f0-4e7e-a799-2a5c98df72bd/screenshot 200 153 ms - 313920 
[38;5;69m[5c4101fc][0m[38;5;86m[HTTP][0m [37m-->[39m [37mPOST[39m [37m/wd/hub/session/5c4101fc-81f0-4e7e-a799-2a5c98df72bd/execute/sync[39m {"script":"mobile: source","args":[{"format":"xml","excludedAttributes":"visible"}]}
[38;5;69m[5c4101fc][0m[38;5;86m[HTTP][0m <-- POST /wd/hub/session/5c4101fc-81f0-4e7e-a799-2a5c98df72bd/execute/sync 200 7121 ms - 115504 
[38;5;69m[5c4101fc][0m[38;5;86m[HTTP][0m [37m-->[39m [37mGET[39m [37m/wd/hub/session/5c4101fc-81f0-4e7e-a799-2a5c98df72bd/screenshot[39m {}
[38;5;69m[5c4101fc][0m[38;5;86m[HTTP][0m <-- GET /wd/hub/session/5c4101fc-81f0-4e7e-a799-2a5c98df72bd/screenshot 200 174 ms - 313920 
[38;5;69m[5c4101fc][0m[38;5;86m[HTTP][0m [37m-->[39m [37mGET[39m [37m/wd/hub/session/5c4101fc-81f0-4e7e-a799-2a5c98df72bd/window/rect[39m {}
[38;5;69m[5c4101fc][0m[38;5;86m[HTTP][0m <-- GET /wd/hub/session/5c4101fc-81f0-4e7e-a799-2a5c98df72bd/window/rect 200 716 ms - 48 
[38;5;69m[5c4101fc][0m[38;5;86m[HTTP][0m [37m-->[39m [37mPOST[39m [37m/wd/hub/session/5c4101fc-81f0-4e7e-a799-2a5c98df72bd/elements[39m {"using":"xpath","value":"//*[@type = 'XCUIElementTypeButton' and @label = '+ Document Upload' and @name = '+ Document Upload']"}
[38;5;69m[5c4101fc][0m[38;5;86m[HTTP][0m <-- POST /wd/hub/session/5c4101fc-81f0-4e7e-a799-2a5c98df72bd/elements 200 3402 ms - 139 
[38;5;69m[5c4101fc][0m[38;5;86m[HTTP][0m [37m-->[39m [37mGET[39m [37m/wd/hub/session/5c4101fc-81f0-4e7e-a799-2a5c98df72bd/element/AD000000-0000-0000-DE13-000000000000/location[39m {}
[38;5;69m[5c4101fc][0m[38;5;86m[HTTP][0m <-- GET /wd/hub/session/5c4101fc-81f0-4e7e-a799-2a5c98df72bd/element/AD000000-0000-0000-DE13-000000000000/location 200 314 ms - 26 
[38;5;69m[5c4101fc][0m[38;5;86m[HTTP][0m [37m-->[39m [37mPOST[39m [37m/wd/hub/session/5c4101fc-81f0-4e7e-a799-2a5c98df72bd/element/AD000000-0000-0000-DE13-000000000000/click[39m {"id":"AD000000-0000-0000-DE13-000000000000"}
[38;5;69m[5c4101fc][0m[38;5;109m[XCUITestDriver@e07b][0m Driver proxy active, passing request on via HTTP proxy
[38;5;69m[5c4101fc][0m[38;5;109m[XCUITestDriver@e07b][0m Replacing sessionId 6DF50C26-EDAD-4536-AB65-4734112A5F31 with 5c4101fc-81f0-4e7e-a799-2a5c98df72bd
[38;5;69m[5c4101fc][0m[38;5;86m[HTTP][0m <-- POST /wd/hub/session/5c4101fc-81f0-4e7e-a799-2a5c98df72bd/element/AD000000-0000-0000-DE13-000000000000/click 200 1124 ms - 65 
[38;5;69m[5c4101fc][0m[38;5;86m[HTTP][0m [37m-->[39m [37mPOST[39m [37m/wd/hub/session/5c4101fc-81f0-4e7e-a799-2a5c98df72bd/execute/sync[39m {"script":"mobile: source","args":[{"format":"xml","excludedAttributes":"visible"}]}
[38;5;69m[5c4101fc][0m[38;5;86m[HTTP][0m <-- POST /wd/hub/session/5c4101fc-81f0-4e7e-a799-2a5c98df72bd/execute/sync 200 954 ms - 12415 
[38;5;69m[5c4101fc][0m[38;5;86m[HTTP][0m [37m-->[39m [37mGET[39m [37m/wd/hub/session/5c4101fc-81f0-4e7e-a799-2a5c98df72bd/screenshot[39m {}
[38;5;69m[5c4101fc][0m[38;5;86m[HTTP][0m <-- GET /wd/hub/session/5c4101fc-81f0-4e7e-a799-2a5c98df72bd/screenshot 200 167 ms - 260500 
[38;5;69m[5c4101fc][0m[38;5;86m[HTTP][0m [37m-->[39m [37mGET[39m [37m/wd/hub/session/5c4101fc-81f0-4e7e-a799-2a5c98df72bd/window/rect[39m {}
[38;5;69m[5c4101fc][0m[38;5;86m[HTTP][0m <-- GET /wd/hub/session/5c4101fc-81f0-4e7e-a799-2a5c98df72bd/window/rect 200 139 ms - 48 
[38;5;69m[5c4101fc][0m[38;5;86m[HTTP][0m [37m-->[39m [37mPOST[39m [37m/wd/hub/session/5c4101fc-81f0-4e7e-a799-2a5c98df72bd/elements[39m {"using":"xpath","value":"//*[@type = 'XCUIElementTypeTextField' and @value = '--Select--']"}
[38;5;69m[5c4101fc][0m[38;5;86m[HTTP][0m <-- POST /wd/hub/session/5c4101fc-81f0-4e7e-a799-2a5c98df72bd/elements 200 445 ms - 139 
[38;5;69m[5c4101fc][0m[38;5;86m[HTTP][0m [37m-->[39m [37mGET[39m [37m/wd/hub/session/5c4101fc-81f0-4e7e-a799-2a5c98df72bd/element/32020000-0000-0000-DE13-000000000000/location[39m {}
[38;5;69m[5c4101fc][0m[38;5;86m[HTTP][0m <-- GET /wd/hub/session/5c4101fc-81f0-4e7e-a799-2a5c98df72bd/element/32020000-0000-0000-DE13-000000000000/location 200 72 ms - 26 
[38;5;69m[5c4101fc][0m[38;5;86m[HTTP][0m [37m-->[39m [37mPOST[39m [37m/wd/hub/session/5c4101fc-81f0-4e7e-a799-2a5c98df72bd/element/32020000-0000-0000-DE13-000000000000/click[39m {"id":"32020000-0000-0000-DE13-000000000000"}
[38;5;69m[5c4101fc][0m[38;5;109m[XCUITestDriver@e07b][0m Driver proxy active, passing request on via HTTP proxy
[38;5;69m[5c4101fc][0m[38;5;109m[XCUITestDriver@e07b][0m Replacing sessionId 6DF50C26-EDAD-4536-AB65-4734112A5F31 with 5c4101fc-81f0-4e7e-a799-2a5c98df72bd
[38;5;69m[5c4101fc][0m[38;5;86m[HTTP][0m <-- POST /wd/hub/session/5c4101fc-81f0-4e7e-a799-2a5c98df72bd/element/32020000-0000-0000-DE13-000000000000/click 200 463 ms - 65 
[38;5;69m[5c4101fc][0m[38;5;86m[HTTP][0m [37m-->[39m [37mPOST[39m [37m/wd/hub/session/5c4101fc-81f0-4e7e-a799-2a5c98df72bd/execute/sync[39m {"script":"mobile: source","args":[{"format":"xml","excludedAttributes":"visible"}]}
[38;5;69m[5c4101fc][0m[38;5;173m[Xcode][0m 2025-02-07 08:22:49.673930+0530 WebDriverAgentRunner-Runner[5085:1369534] Cannot determine accessibility of 'XCUIElementTypeAny' natively: Error Domain=com.apple.dt.xctest.automation-support.error Code=11 "Accessibility error kAXErrorInvalidUIElement from AXUIElementCopyMultipleAttributeValues for 2016" UserInfo={accessibility-error=-25202, NSLocalizedDescription=Accessibility error kAXErrorInvalidUIElement from AXUIElementCopyMultipleAttributeValues for 2016}. Defaulting to: 0
[38;5;69m[5c4101fc][0m[38;5;173m[Xcode][0m 2025-02-07 08:22:49.687426+0530 WebDriverAgentRunner-Runner[5085:1369534] Cannot determine accessibility of 'XCUIElementTypeAny' natively: Error Domain=com.apple.dt.xctest.automation-support.error Code=11 "Accessibility error kAXErrorInvalidUIElement from AXUIElementCopyMultipleAttributeValues for 2016" UserInfo={accessibility-error=-25202, NSLocalizedDescription=Accessibility error kAXErrorInvalidUIElement from AXUIElementCopyMultipleAttributeValues for 2016}. Defaulting to: 0
[38;5;69m[5c4101fc][0m[38;5;173m[Xcode][0m 2025-02-07 08:22:49.702301+0530 WebDriverAgentRunner-Runner[5085:1369534] Cannot determine accessibility of 'XCUIElementTypeAny' natively: Error Domain=com.apple.dt.xctest.automation-support.error Code=11 "Accessibility error kAXErrorInvalidUIElement from AXUIElementCopyMultipleAttributeValues for 2016" UserInfo={accessibility-error=-25202, NSLocalizedDescription=Accessibility error kAXErrorInvalidUIElement from AXUIElementCopyMultipleAttributeValues for 2016}. Defaulting to: 0
[38;5;69m[5c4101fc][0m[38;5;86m[HTTP][0m <-- POST /wd/hub/session/5c4101fc-81f0-4e7e-a799-2a5c98df72bd/execute/sync 200 1091 ms - 14014 
[38;5;69m[5c4101fc][0m[38;5;86m[HTTP][0m [37m-->[39m [37mGET[39m [37m/wd/hub/session/5c4101fc-81f0-4e7e-a799-2a5c98df72bd/screenshot[39m {}
[38;5;69m[5c4101fc][0m[38;5;86m[HTTP][0m <-- GET /wd/hub/session/5c4101fc-81f0-4e7e-a799-2a5c98df72bd/screenshot 200 184 ms - 310560 
[38;5;69m[5c4101fc][0m[38;5;86m[HTTP][0m [37m-->[39m [37mGET[39m [37m/wd/hub/session/5c4101fc-81f0-4e7e-a799-2a5c98df72bd/window/rect[39m {}
[38;5;69m[5c4101fc][0m[38;5;173m[Xcode][0m     t =   766.84s Find the Application 'com.eisplc.winfertility'
[38;5;69m[5c4101fc][0m[38;5;173m[Xcode][0m     t =   766.84s     Requesting snapshot of accessibility hierarchy for app with pid 5086
[38;5;69m[5c4101fc][0m[38;5;86m[HTTP][0m <-- GET /wd/hub/session/5c4101fc-81f0-4e7e-a799-2a5c98df72bd/window/rect 200 165 ms - 48 
[38;5;69m[5c4101fc][0m[38;5;86m[HTTP][0m [37m-->[39m [37mPOST[39m [37m/wd/hub/session/5c4101fc-81f0-4e7e-a799-2a5c98df72bd/elements[39m {"using":"xpath","value":"//*[@type = 'XCUIElementTypeAny']"}
[38;5;69m[5c4101fc][0m[38;5;173m[Xcode][0m 2025-02-07 08:23:44.709501+0530 WebDriverAgentRunner-Runner[5085:1369534] The following attributes were requested to be included into the XML: {(
[38;5;69m[5c4101fc][0m[38;5;173m[Xcode][0m     FBTypeAttribute
[38;5;69m[5c4101fc][0m[38;5;173m[Xcode][0m )}
[38;5;69m[5c4101fc][0m[38;5;173m[Xcode][0m     t =   767.00s Requesting snapshot of accessibility hierarchy for app with pid 5086
[38;5;69m[5c4101fc][0m[38;5;173m[Xcode][0m 2025-02-07 08:23:45.421744+0530 WebDriverAgentRunner-Runner[5085:1369534] The following attributes were requested to be included into the XML: {(
[38;5;69m[5c4101fc][0m[38;5;173m[Xcode][0m     FBTypeAttribute
[38;5;69m[5c4101fc][0m[38;5;173m[Xcode][0m )}
[38;5;69m[5c4101fc][0m[38;5;173m[Xcode][0m     t =   767.71s Requesting snapshot of accessibility hierarchy for app with pid 5086
[38;5;69m[5c4101fc][0m[38;5;173m[Xcode][0m 2025-02-07 08:23:46.133495+0530 WebDriverAgentRunner-Runner[5085:1369534] The following attributes were requested to be included into the XML: {(
[38;5;69m[5c4101fc][0m[38;5;173m[Xcode][0m     FBTypeAttribute
[38;5;69m[5c4101fc][0m[38;5;173m[Xcode][0m )}
[38;5;69m[5c4101fc][0m[38;5;173m[Xcode][0m     t =   768.42s Requesting snapshot of accessibility hierarchy for app with pid 5086
[38;5;69m[5c4101fc][0m[38;5;173m[Xcode][0m 2025-02-07 08:23:46.885254+0530 WebDriverAgentRunner-Runner[5085:1369534] The following attributes were requested to be included into the XML: {(
[38;5;69m[5c4101fc][0m[38;5;173m[Xcode][0m     FBTypeAttribute
[38;5;69m[5c4101fc][0m[38;5;173m[Xcode][0m )}
[38;5;69m[5c4101fc][0m[38;5;173m[Xcode][0m     t =   769.18s Requesting snapshot of accessibility hierarchy for app with pid 5086
[38;5;69m[5c4101fc][0m[38;5;173m[Xcode][0m 2025-02-07 08:23:47.629014+0530 WebDriverAgentRunner-Runner[5085:1369534] The following attributes were requested to be included into the XML: {(
[38;5;69m[5c4101fc][0m[38;5;173m[Xcode][0m     FBTypeAttribute
[38;5;69m[5c4101fc][0m[38;5;173m[Xcode][0m )}
[38;5;69m[5c4101fc][0m[38;5;173m[Xcode][0m     t =   769.92s Requesting snapshot of accessibility hierarchy for app with pid 5086
[38;5;69m[5c4101fc][0m[38;5;173m[Xcode][0m 2025-02-07 08:23:48.384980+0530 WebDriverAgentRunner-Runner[5085:1369534] The following attributes were requested to be included into the XML: {(
[38;5;69m[5c4101fc][0m[38;5;173m[Xcode][0m     FBTypeAttribute
[38;5;69m[5c4101fc][0m[38;5;173m[Xcode][0m )}
[38;5;69m[5c4101fc][0m[38;5;173m[Xcode][0m     t =   770.68s Requesting snapshot of accessibility hierarchy for app with pid 5086
[38;5;69m[5c4101fc][0m[38;5;173m[Xcode][0m 2025-02-07 08:23:49.130139+0530 WebDriverAgentRunner-Runner[5085:1369534] The following attributes were requested to be included into the XML: {(
[38;5;69m[5c4101fc][0m[38;5;173m[Xcode][0m     FBTypeAttribute
[38;5;69m[5c4101fc][0m[38;5;173m[Xcode][0m )}
[38;5;69m[5c4101fc][0m[38;5;173m[Xcode][0m     t =   771.42s Requesting snapshot of accessibility hierarchy for app with pid 5086
[38;5;69m[5c4101fc][0m[38;5;173m[Xcode][0m 2025-02-07 08:23:49.871325+0530 WebDriverAgentRunner-Runner[5085:1369534] The following attributes were requested to be included into the XML: {(
[38;5;69m[5c4101fc][0m[38;5;173m[Xcode][0m     FBTypeAttribute
[38;5;69m[5c4101fc][0m[38;5;173m[Xcode][0m )}
[38;5;69m[5c4101fc][0m[38;5;173m[Xcode][0m     t =   772.16s Requesting snapshot of accessibility hierarchy for app with pid 5086
[38;5;69m[5c4101fc][0m[38;5;173m[Xcode][0m 2025-02-07 08:23:50.596308+0530 WebDriverAgentRunner-Runner[5085:1369534] The following attributes were requested to be included into the XML: {(
[38;5;69m[5c4101fc][0m[38;5;173m[Xcode][0m     FBTypeAttribute
[38;5;69m[5c4101fc][0m[38;5;173m[Xcode][0m )}
[38;5;69m[5c4101fc][0m[38;5;173m[Xcode][0m     t =   772.89s Requesting snapshot of accessibility hierarchy for app with pid 5086
[38;5;69m[5c4101fc][0m[38;5;173m[Xcode][0m 2025-02-07 08:23:51.310177+0530 WebDriverAgentRunner-Runner[5085:1369534] The following attributes were requested to be included into the XML: {(
[38;5;69m[5c4101fc][0m[38;5;173m[Xcode][0m     FBTypeAttribute
[38;5;69m[5c4101fc][0m[38;5;173m[Xcode][0m )}
[38;5;69m[5c4101fc][0m[38;5;173m[Xcode][0m     t =   773.60s Requesting snapshot of accessibility hierarchy for app with pid 5086
[38;5;69m[5c4101fc][0m[38;5;173m[Xcode][0m 2025-02-07 08:23:52.048292+0530 WebDriverAgentRunner-Runner[5085:1369534] The following attributes were requested to be included into the XML: {(
[38;5;69m[5c4101fc][0m[38;5;173m[Xcode][0m     FBTypeAttribute
[38;5;69m[5c4101fc][0m[38;5;173m[Xcode][0m )}
[38;5;69m[5c4101fc][0m[38;5;173m[Xcode][0m     t =   774.34s Requesting snapshot of accessibility hierarchy for app with pid 5086
[38;5;69m[5c4101fc][0m[38;5;173m[Xcode][0m 2025-02-07 08:23:52.756824+0530 WebDriverAgentRunner-Runner[5085:1369534] The following attributes were requested to be included into the XML: {(
[38;5;69m[5c4101fc][0m[38;5;173m[Xcode][0m     FBTypeAttribute
[38;5;69m[5c4101fc][0m[38;5;173m[Xcode][0m )}
[38;5;69m[5c4101fc][0m[38;5;173m[Xcode][0m     t =   775.05s Requesting snapshot of accessibility hierarchy for app with pid 5086
[38;5;69m[5c4101fc][0m[38;5;173m[Xcode][0m 2025-02-07 08:23:53.516264+0530 WebDriverAgentRunner-Runner[5085:1369534] The following attributes were requested to be included into the XML: {(
[38;5;69m[5c4101fc][0m[38;5;173m[Xcode][0m     FBTypeAttribute
[38;5;69m[5c4101fc][0m[38;5;173m[Xcode][0m )}
[38;5;69m[5c4101fc][0m[38;5;173m[Xcode][0m     t =   775.81s Requesting snapshot of accessibility hierarchy for app with pid 5086
[38;5;69m[5c4101fc][0m[38;5;173m[Xcode][0m 2025-02-07 08:23:54.267381+0530 WebDriverAgentRunner-Runner[5085:1369534] The following attributes were requested to be included into the XML: {(
[38;5;69m[5c4101fc][0m[38;5;173m[Xcode][0m     FBTypeAttribute
[38;5;69m[5c4101fc][0m[38;5;173m[Xcode][0m )}
[38;5;69m[5c4101fc][0m[38;5;173m[Xcode][0m     t =   776.56s Requesting snapshot of accessibility hierarchy for app with pid 5086
[38;5;69m[5c4101fc][0m[38;5;173m[Xcode][0m 2025-02-07 08:23:55.011190+0530 WebDriverAgentRunner-Runner[5085:1369534] The following attributes were requested to be included into the XML: {(
[38;5;69m[5c4101fc][0m[38;5;173m[Xcode][0m     FBTypeAttribute
[38;5;69m[5c4101fc][0m[38;5;173m[Xcode][0m )}
[38;5;69m[5c4101fc][0m[38;5;173m[Xcode][0m     t =   777.30s Requesting snapshot of accessibility hierarchy for app with pid 5086
[38;5;69m[5c4101fc][0m[38;5;173m[Xcode][0m 2025-02-07 08:23:55.735478+0530 WebDriverAgentRunner-Runner[5085:1369534] The following attributes were requested to be included into the XML: {(
[38;5;69m[5c4101fc][0m[38;5;173m[Xcode][0m     FBTypeAttribute
[38;5;69m[5c4101fc][0m[38;5;173m[Xcode][0m )}
[38;5;69m[5c4101fc][0m[38;5;173m[Xcode][0m     t =   778.03s Requesting snapshot of accessibility hierarchy for app with pid 5086
[38;5;69m[5c4101fc][0m[38;5;173m[Xcode][0m 2025-02-07 08:23:56.496856+0530 WebDriverAgentRunner-Runner[5085:1369534] The following attributes were requested to be included into the XML: {(
[38;5;69m[5c4101fc][0m[38;5;173m[Xcode][0m     FBTypeAttribute
[38;5;69m[5c4101fc][0m[38;5;173m[Xcode][0m )}
[38;5;69m[5c4101fc][0m[38;5;173m[Xcode][0m     t =   778.79s Requesting snapshot of accessibility hierarchy for app with pid 5086
[38;5;69m[5c4101fc][0m[38;5;173m[Xcode][0m 2025-02-07 08:23:57.237410+0530 WebDriverAgentRunner-Runner[5085:1369534] The following attributes were requested to be included into the XML: {(
[38;5;69m[5c4101fc][0m[38;5;173m[Xcode][0m     FBTypeAttribute
[38;5;69m[5c4101fc][0m[38;5;173m[Xcode][0m )}
[38;5;69m[5c4101fc][0m[38;5;173m[Xcode][0m     t =   779.53s Requesting snapshot of accessibility hierarchy for app with pid 5086
[38;5;69m[5c4101fc][0m[38;5;173m[Xcode][0m 2025-02-07 08:23:58.045256+0530 WebDriverAgentRunner-Runner[5085:1369534] The following attributes were requested to be included into the XML: {(
[38;5;69m[5c4101fc][0m[38;5;173m[Xcode][0m     FBTypeAttribute
[38;5;69m[5c4101fc][0m[38;5;173m[Xcode][0m )}
[38;5;69m[5c4101fc][0m[38;5;173m[Xcode][0m     t =   780.34s Requesting snapshot of accessibility hierarchy for app with pid 5086
[38;5;69m[5c4101fc][0m[38;5;173m[Xcode][0m 2025-02-07 08:23:58.769622+0530 WebDriverAgentRunner-Runner[5085:1369534] The following attributes were requested to be included into the XML: {(
[38;5;69m[5c4101fc][0m[38;5;173m[Xcode][0m     FBTypeAttribute
[38;5;69m[5c4101fc][0m[38;5;173m[Xcode][0m )}
[38;5;69m[5c4101fc][0m[38;5;173m[Xcode][0m     t =   781.06s Requesting snapshot of accessibility hierarchy for app with pid 5086
[38;5;69m[5c4101fc][0m[38;5;173m[Xcode][0m 2025-02-07 08:23:59.516689+0530 WebDriverAgentRunner-Runner[5085:1369534] The following attributes were requested to be included into the XML: {(
[38;5;69m[5c4101fc][0m[38;5;173m[Xcode][0m     FBTypeAttribute
[38;5;69m[5c4101fc][0m[38;5;173m[Xcode][0m )}
[38;5;69m[5c4101fc][0m[38;5;173m[Xcode][0m     t =   781.81s Requesting snapshot of accessibility hierarchy for app with pid 5086
[38;5;69m[5c4101fc][0m[38;5;173m[Xcode][0m 2025-02-07 08:24:00.302749+0530 WebDriverAgentRunner-Runner[5085:1369534] The following attributes were requested to be included into the XML: {(
[38;5;69m[5c4101fc][0m[38;5;173m[Xcode][0m     FBTypeAttribute
[38;5;69m[5c4101fc][0m[38;5;173m[Xcode][0m )}
[38;5;69m[5c4101fc][0m[38;5;173m[Xcode][0m     t =   782.59s Requesting snapshot of accessibility hierarchy for app with pid 5086
[38;5;69m[5c4101fc][0m[38;5;173m[Xcode][0m 2025-02-07 08:24:01.043976+0530 WebDriverAgentRunner-Runner[5085:1369534] The following attributes were requested to be included into the XML: {(
[38;5;69m[5c4101fc][0m[38;5;173m[Xcode][0m     FBTypeAttribute
[38;5;69m[5c4101fc][0m[38;5;173m[Xcode][0m )}
[38;5;69m[5c4101fc][0m[38;5;173m[Xcode][0m     t =   783.34s Requesting snapshot of accessibility hierarchy for app with pid 5086
[38;5;69m[5c4101fc][0m[38;5;173m[Xcode][0m 2025-02-07 08:24:01.769213+0530 WebDriverAgentRunner-Runner[5085:1369534] The following attributes were requested to be included into the XML: {(
[38;5;69m[5c4101fc][0m[38;5;173m[Xcode][0m     FBTypeAttribute
[38;5;69m[5c4101fc][0m[38;5;173m[Xcode][0m )}
[38;5;69m[5c4101fc][0m[38;5;173m[Xcode][0m     t =   784.06s Requesting snapshot of accessibility hierarchy for app with pid 5086
[38;5;69m[5c4101fc][0m[38;5;173m[Xcode][0m 2025-02-07 08:24:02.534198+0530 WebDriverAgentRunner-Runner[5085:1369534] The following attributes were requested to be included into the XML: {(
[38;5;69m[5c4101fc][0m[38;5;173m[Xcode][0m     FBTypeAttribute
[38;5;69m[5c4101fc][0m[38;5;173m[Xcode][0m )}
[38;5;69m[5c4101fc][0m[38;5;173m[Xcode][0m     t =   784.83s Requesting snapshot of accessibility hierarchy for app with pid 5086
[38;5;69m[5c4101fc][0m[38;5;173m[Xcode][0m 2025-02-07 08:24:03.301200+0530 WebDriverAgentRunner-Runner[5085:1369534] The following attributes were requested to be included into the XML: {(
[38;5;69m[5c4101fc][0m[38;5;173m[Xcode][0m     FBTypeAttribute
[38;5;69m[5c4101fc][0m[38;5;173m[Xcode][0m )}
[38;5;69m[5c4101fc][0m[38;5;173m[Xcode][0m     t =   785.59s Requesting snapshot of accessibility hierarchy for app with pid 5086
[38;5;69m[5c4101fc][0m[38;5;173m[Xcode][0m 2025-02-07 08:24:04.188408+0530 WebDriverAgentRunner-Runner[5085:1369534] The following attributes were requested to be included into the XML: {(
[38;5;69m[5c4101fc][0m[38;5;173m[Xcode][0m     FBTypeAttribute
[38;5;69m[5c4101fc][0m[38;5;173m[Xcode][0m )}
[38;5;69m[5c4101fc][0m[38;5;173m[Xcode][0m     t =   786.48s Requesting snapshot of accessibility hierarchy for app with pid 5086
[38;5;69m[5c4101fc][0m[38;5;173m[Xcode][0m 2025-02-07 08:24:04.950764+0530 WebDriverAgentRunner-Runner[5085:1369534] The following attributes were requested to be included into the XML: {(
[38;5;69m[5c4101fc][0m[38;5;173m[Xcode][0m     FBTypeAttribute
[38;5;69m[5c4101fc][0m[38;5;173m[Xcode][0m )}
[38;5;69m[5c4101fc][0m[38;5;173m[Xcode][0m     t =   787.24s Requesting snapshot of accessibility hierarchy for app with pid 5086
[38;5;69m[5c4101fc][0m[38;5;173m[Xcode][0m 2025-02-07 08:24:05.682166+0530 WebDriverAgentRunner-Runner[5085:1369534] The following attributes were requested to be included into the XML: {(
[38;5;69m[5c4101fc][0m[38;5;173m[Xcode][0m     FBTypeAttribute
[38;5;69m[5c4101fc][0m[38;5;173m[Xcode][0m )}
[38;5;69m[5c4101fc][0m[38;5;173m[Xcode][0m     t =   787.97s Requesting snapshot of accessibility hierarchy for app with pid 5086
[38;5;69m[5c4101fc][0m[38;5;173m[Xcode][0m 2025-02-07 08:24:06.378498+0530 WebDriverAgentRunner-Runner[5085:1369534] The following attributes were requested to be included into the XML: {(
[38;5;69m[5c4101fc][0m[38;5;173m[Xcode][0m     FBTypeAttribute
[38;5;69m[5c4101fc][0m[38;5;173m[Xcode][0m )}
[38;5;69m[5c4101fc][0m[38;5;173m[Xcode][0m     t =   788.67s Requesting snapshot of accessibility hierarchy for app with pid 5086
[38;5;69m[5c4101fc][0m[38;5;173m[Xcode][0m 2025-02-07 08:24:07.132951+0530 WebDriverAgentRunner-Runner[5085:1369534] The following attributes were requested to be included into the XML: {(
[38;5;69m[5c4101fc][0m[38;5;173m[Xcode][0m     FBTypeAttribute
[38;5;69m[5c4101fc][0m[38;5;173m[Xcode][0m )}
[38;5;69m[5c4101fc][0m[38;5;173m[Xcode][0m     t =   789.42s Requesting snapshot of accessibility hierarchy for app with pid 5086
[38;5;69m[5c4101fc][0m[38;5;173m[Xcode][0m 2025-02-07 08:24:07.892766+0530 WebDriverAgentRunner-Runner[5085:1369534] The following attributes were requested to be included into the XML: {(
[38;5;69m[5c4101fc][0m[38;5;173m[Xcode][0m     FBTypeAttribute
[38;5;69m[5c4101fc][0m[38;5;173m[Xcode][0m )}
[38;5;69m[5c4101fc][0m[38;5;173m[Xcode][0m     t =   790.18s Requesting snapshot of accessibility hierarchy for app with pid 5086
[38;5;69m[5c4101fc][0m[38;5;173m[Xcode][0m 2025-02-07 08:24:08.588673+0530 WebDriverAgentRunner-Runner[5085:1369534] The following attributes were requested to be included into the XML: {(
[38;5;69m[5c4101fc][0m[38;5;173m[Xcode][0m     FBTypeAttribute
[38;5;69m[5c4101fc][0m[38;5;173m[Xcode][0m )}
[38;5;69m[5c4101fc][0m[38;5;173m[Xcode][0m     t =   790.88s Requesting snapshot of accessibility hierarchy for app with pid 5086
[38;5;69m[5c4101fc][0m[38;5;173m[Xcode][0m 2025-02-07 08:24:09.354083+0530 WebDriverAgentRunner-Runner[5085:1369534] The following attributes were requested to be included into the XML: {(
[38;5;69m[5c4101fc][0m[38;5;173m[Xcode][0m     FBTypeAttribute
[38;5;69m[5c4101fc][0m[38;5;173m[Xcode][0m )}
[38;5;69m[5c4101fc][0m[38;5;173m[Xcode][0m     t =   791.65s Requesting snapshot of accessibility hierarchy for app with pid 5086
[38;5;69m[5c4101fc][0m[38;5;173m[Xcode][0m 2025-02-07 08:24:10.113100+0530 WebDriverAgentRunner-Runner[5085:1369534] The following attributes were requested to be included into the XML: {(
[38;5;69m[5c4101fc][0m[38;5;173m[Xcode][0m     FBTypeAttribute
[38;5;69m[5c4101fc][0m[38;5;173m[Xcode][0m )}
[38;5;69m[5c4101fc][0m[38;5;173m[Xcode][0m     t =   792.40s Requesting snapshot of accessibility hierarchy for app with pid 5086
[38;5;69m[5c4101fc][0m[38;5;173m[Xcode][0m 2025-02-07 08:24:10.892273+0530 WebDriverAgentRunner-Runner[5085:1369534] The following attributes were requested to be included into the XML: {(
[38;5;69m[5c4101fc][0m[38;5;173m[Xcode][0m     FBTypeAttribute
[38;5;69m[5c4101fc][0m[38;5;173m[Xcode][0m )}
[38;5;69m[5c4101fc][0m[38;5;173m[Xcode][0m     t =   793.18s Requesting snapshot of accessibility hierarchy for app with pid 5086
[38;5;69m[5c4101fc][0m[38;5;173m[Xcode][0m 2025-02-07 08:24:11.610978+0530 WebDriverAgentRunner-Runner[5085:1369534] The following attributes were requested to be included into the XML: {(
[38;5;69m[5c4101fc][0m[38;5;173m[Xcode][0m     FBTypeAttribute
[38;5;69m[5c4101fc][0m[38;5;173m[Xcode][0m )}
[38;5;69m[5c4101fc][0m[38;5;173m[Xcode][0m     t =   793.90s Requesting snapshot of accessibility hierarchy for app with pid 5086
[38;5;69m[5c4101fc][0m[38;5;173m[Xcode][0m 2025-02-07 08:24:12.355552+0530 WebDriverAgentRunner-Runner[5085:1369534] The following attributes were requested to be included into the XML: {(
[38;5;69m[5c4101fc][0m[38;5;173m[Xcode][0m     FBTypeAttribute
[38;5;69m[5c4101fc][0m[38;5;173m[Xcode][0m )}
[38;5;69m[5c4101fc][0m[38;5;173m[Xcode][0m     t =   794.65s Requesting snapshot of accessibility hierarchy for app with pid 5086
[38;5;69m[5c4101fc][0m[38;5;173m[Xcode][0m 2025-02-07 08:24:13.097115+0530 WebDriverAgentRunner-Runner[5085:1369534] The following attributes were requested to be included into the XML: {(
[38;5;69m[5c4101fc][0m[38;5;173m[Xcode][0m     FBTypeAttribute
[38;5;69m[5c4101fc][0m[38;5;173m[Xcode][0m )}
[38;5;69m[5c4101fc][0m[38;5;173m[Xcode][0m     t =   795.39s Requesting snapshot of accessibility hierarchy for app with pid 5086
[38;5;69m[5c4101fc][0m[38;5;173m[Xcode][0m 2025-02-07 08:24:13.827425+0530 WebDriverAgentRunner-Runner[5085:1369534] The following attributes were requested to be included into the XML: {(
[38;5;69m[5c4101fc][0m[38;5;173m[Xcode][0m     FBTypeAttribute
[38;5;69m[5c4101fc][0m[38;5;173m[Xcode][0m )}
[38;5;69m[5c4101fc][0m[38;5;173m[Xcode][0m     t =   796.12s Requesting snapshot of accessibility hierarchy for app with pid 5086
[38;5;69m[5c4101fc][0m[38;5;173m[Xcode][0m 2025-02-07 08:24:14.565866+0530 WebDriverAgentRunner-Runner[5085:1369534] The following attributes were requested to be included into the XML: {(
[38;5;69m[5c4101fc][0m[38;5;173m[Xcode][0m     FBTypeAttribute
[38;5;69m[5c4101fc][0m[38;5;173m[Xcode][0m )}
[38;5;69m[5c4101fc][0m[38;5;173m[Xcode][0m     t =   796.86s Requesting snapshot of accessibility hierarchy for app with pid 5086
[38;5;69m[5c4101fc][0m[38;5;173m[Xcode][0m 2025-02-07 08:24:15.311717+0530 WebDriverAgentRunner-Runner[5085:1369534] The following attributes were requested to be included into the XML: {(
[38;5;69m[5c4101fc][0m[38;5;173m[Xcode][0m     FBTypeAttribute
[38;5;69m[5c4101fc][0m[38;5;173m[Xcode][0m )}
[38;5;69m[5c4101fc][0m[38;5;173m[Xcode][0m     t =   797.60s Requesting snapshot of accessibility hierarchy for app with pid 5086
[38;5;69m[5c4101fc][0m[38;5;173m[Xcode][0m 2025-02-07 08:24:16.089754+0530 WebDriverAgentRunner-Runner[5085:1369534] The following attributes were requested to be included into the XML: {(
[38;5;69m[5c4101fc][0m[38;5;173m[Xcode][0m     FBTypeAttribute
[38;5;69m[5c4101fc][0m[38;5;173m[Xcode][0m )}
[38;5;69m[5c4101fc][0m[38;5;173m[Xcode][0m     t =   798.38s Requesting snapshot of accessibility hierarchy for app with pid 5086
[38;5;69m[5c4101fc][0m[38;5;173m[Xcode][0m 2025-02-07 08:24:16.837403+0530 WebDriverAgentRunner-Runner[5085:1369534] The following attributes were requested to be included into the XML: {(
[38;5;69m[5c4101fc][0m[38;5;173m[Xcode][0m     FBTypeAttribute
[38;5;69m[5c4101fc][0m[38;5;173m[Xcode][0m )}
[38;5;69m[5c4101fc][0m[38;5;173m[Xcode][0m     t =   799.13s Requesting snapshot of accessibility hierarchy for app with pid 5086
[38;5;69m[5c4101fc][0m[38;5;173m[Xcode][0m 2025-02-07 08:24:17.571978+0530 WebDriverAgentRunner-Runner[5085:1369534] The following attributes were requested to be included into the XML: {(
[38;5;69m[5c4101fc][0m[38;5;173m[Xcode][0m     FBTypeAttribute
[38;5;69m[5c4101fc][0m[38;5;173m[Xcode][0m )}
[38;5;69m[5c4101fc][0m[38;5;173m[Xcode][0m     t =   799.86s Requesting snapshot of accessibility hierarchy for app with pid 5086
[38;5;69m[5c4101fc][0m[38;5;173m[Xcode][0m 2025-02-07 08:24:18.311106+0530 WebDriverAgentRunner-Runner[5085:1369534] The following attributes were requested to be included into the XML: {(
[38;5;69m[5c4101fc][0m[38;5;173m[Xcode][0m     FBTypeAttribute
[38;5;69m[5c4101fc][0m[38;5;173m[Xcode][0m )}
[38;5;69m[5c4101fc][0m[38;5;173m[Xcode][0m     t =   800.60s Requesting snapshot of accessibility hierarchy for app with pid 5086
[38;5;69m[5c4101fc][0m[38;5;173m[Xcode][0m 2025-02-07 08:24:19.072861+0530 WebDriverAgentRunner-Runner[5085:1369534] The following attributes were requested to be included into the XML: {(
[38;5;69m[5c4101fc][0m[38;5;173m[Xcode][0m     FBTypeAttribute
[38;5;69m[5c4101fc][0m[38;5;173m[Xcode][0m )}
[38;5;69m[5c4101fc][0m[38;5;173m[Xcode][0m     t =   801.36s Requesting snapshot of accessibility hierarchy for app with pid 5086
[38;5;69m[5c4101fc][0m[38;5;173m[Xcode][0m 2025-02-07 08:24:19.793351+0530 WebDriverAgentRunner-Runner[5085:1369534] The following attributes were requested to be included into the XML: {(
[38;5;69m[5c4101fc][0m[38;5;173m[Xcode][0m     FBTypeAttribute
[38;5;69m[5c4101fc][0m[38;5;173m[Xcode][0m )}
[38;5;69m[5c4101fc][0m[38;5;173m[Xcode][0m     t =   802.08s Requesting snapshot of accessibility hierarchy for app with pid 5086
[38;5;69m[5c4101fc][0m[38;5;173m[Xcode][0m 2025-02-07 08:24:20.512480+0530 WebDriverAgentRunner-Runner[5085:1369534] The following attributes were requested to be included into the XML: {(
[38;5;69m[5c4101fc][0m[38;5;173m[Xcode][0m     FBTypeAttribute
[38;5;69m[5c4101fc][0m[38;5;173m[Xcode][0m )}
[38;5;69m[5c4101fc][0m[38;5;173m[Xcode][0m     t =   802.80s Requesting snapshot of accessibility hierarchy for app with pid 5086
[38;5;69m[5c4101fc][0m[38;5;173m[Xcode][0m 2025-02-07 08:24:21.248479+0530 WebDriverAgentRunner-Runner[5085:1369534] The following attributes were requested to be included into the XML: {(
[38;5;69m[5c4101fc][0m[38;5;173m[Xcode][0m     FBTypeAttribute
[38;5;69m[5c4101fc][0m[38;5;173m[Xcode][0m )}
[38;5;69m[5c4101fc][0m[38;5;173m[Xcode][0m     t =   803.54s Requesting snapshot of accessibility hierarchy for app with pid 5086
[38;5;69m[5c4101fc][0m[38;5;173m[Xcode][0m 2025-02-07 08:24:22.007394+0530 WebDriverAgentRunner-Runner[5085:1369534] The following attributes were requested to be included into the XML: {(
[38;5;69m[5c4101fc][0m[38;5;173m[Xcode][0m     FBTypeAttribute
[38;5;69m[5c4101fc][0m[38;5;173m[Xcode][0m )}
[38;5;69m[5c4101fc][0m[38;5;173m[Xcode][0m     t =   804.30s Requesting snapshot of accessibility hierarchy for app with pid 5086
[38;5;69m[5c4101fc][0m[38;5;173m[Xcode][0m 2025-02-07 08:24:22.732566+0530 WebDriverAgentRunner-Runner[5085:1369534] The following attributes were requested to be included into the XML: {(
[38;5;69m[5c4101fc][0m[38;5;173m[Xcode][0m     FBTypeAttribute
[38;5;69m[5c4101fc][0m[38;5;173m[Xcode][0m )}
[38;5;69m[5c4101fc][0m[38;5;173m[Xcode][0m     t =   805.02s Requesting snapshot of accessibility hierarchy for app with pid 5086
[38;5;69m[5c4101fc][0m[38;5;173m[Xcode][0m 2025-02-07 08:24:23.479909+0530 WebDriverAgentRunner-Runner[5085:1369534] The following attributes were requested to be included into the XML: {(
[38;5;69m[5c4101fc][0m[38;5;173m[Xcode][0m     FBTypeAttribute
[38;5;69m[5c4101fc][0m[38;5;173m[Xcode][0m )}
[38;5;69m[5c4101fc][0m[38;5;173m[Xcode][0m     t =   805.77s Requesting snapshot of accessibility hierarchy for app with pid 5086
[38;5;69m[5c4101fc][0m[38;5;173m[Xcode][0m 2025-02-07 08:24:24.245792+0530 WebDriverAgentRunner-Runner[5085:1369534] The following attributes were requested to be included into the XML: {(
[38;5;69m[5c4101fc][0m[38;5;173m[Xcode][0m     FBTypeAttribute
[38;5;69m[5c4101fc][0m[38;5;173m[Xcode][0m )}
[38;5;69m[5c4101fc][0m[38;5;173m[Xcode][0m     t =   806.54s Requesting snapshot of accessibility hierarchy for app with pid 5086
[38;5;69m[5c4101fc][0m[38;5;173m[Xcode][0m 2025-02-07 08:24:24.959089+0530 WebDriverAgentRunner-Runner[5085:1369534] The following attributes were requested to be included into the XML: {(
[38;5;69m[5c4101fc][0m[38;5;173m[Xcode][0m     FBTypeAttribute
[38;5;69m[5c4101fc][0m[38;5;173m[Xcode][0m )}
[38;5;69m[5c4101fc][0m[38;5;173m[Xcode][0m     t =   807.25s Requesting snapshot of accessibility hierarchy for app with pid 5086
[38;5;69m[5c4101fc][0m[38;5;173m[Xcode][0m 2025-02-07 08:24:25.668755+0530 WebDriverAgentRunner-Runner[5085:1369534] The following attributes were requested to be included into the XML: {(
[38;5;69m[5c4101fc][0m[38;5;173m[Xcode][0m     FBTypeAttribute
[38;5;69m[5c4101fc][0m[38;5;173m[Xcode][0m )}
[38;5;69m[5c4101fc][0m[38;5;173m[Xcode][0m     t =   807.96s Requesting snapshot of accessibility hierarchy for app with pid 5086
[38;5;69m[5c4101fc][0m[38;5;173m[Xcode][0m 2025-02-07 08:24:26.446698+0530 WebDriverAgentRunner-Runner[5085:1369534] The following attributes were requested to be included into the XML: {(
[38;5;69m[5c4101fc][0m[38;5;173m[Xcode][0m     FBTypeAttribute
[38;5;69m[5c4101fc][0m[38;5;173m[Xcode][0m )}
[38;5;69m[5c4101fc][0m[38;5;173m[Xcode][0m     t =   808.74s Requesting snapshot of accessibility hierarchy for app with pid 5086
[38;5;69m[5c4101fc][0m[38;5;173m[Xcode][0m 2025-02-07 08:24:27.177986+0530 WebDriverAgentRunner-Runner[5085:1369534] The following attributes were requested to be included into the XML: {(
[38;5;69m[5c4101fc][0m[38;5;173m[Xcode][0m     FBTypeAttribute
[38;5;69m[5c4101fc][0m[38;5;173m[Xcode][0m )}
[38;5;69m[5c4101fc][0m[38;5;173m[Xcode][0m     t =   809.47s Requesting snapshot of accessibility hierarchy for app with pid 5086
[38;5;69m[5c4101fc][0m[38;5;173m[Xcode][0m 2025-02-07 08:24:27.933846+0530 WebDriverAgentRunner-Runner[5085:1369534] The following attributes were requested to be included into the XML: {(
[38;5;69m[5c4101fc][0m[38;5;173m[Xcode][0m     FBTypeAttribute
[38;5;69m[5c4101fc][0m[38;5;173m[Xcode][0m )}
[38;5;69m[5c4101fc][0m[38;5;173m[Xcode][0m     t =   810.23s Requesting snapshot of accessibility hierarchy for app with pid 5086
[38;5;69m[5c4101fc][0m[38;5;173m[Xcode][0m 2025-02-07 08:24:28.670285+0530 WebDriverAgentRunner-Runner[5085:1369534] The following attributes were requested to be included into the XML: {(
[38;5;69m[5c4101fc][0m[38;5;173m[Xcode][0m     FBTypeAttribute
[38;5;69m[5c4101fc][0m[38;5;173m[Xcode][0m )}
[38;5;69m[5c4101fc][0m[38;5;173m[Xcode][0m     t =   810.96s Requesting snapshot of accessibility hierarchy for app with pid 5086
[38;5;69m[5c4101fc][0m[38;5;173m[Xcode][0m 2025-02-07 08:24:29.448958+0530 WebDriverAgentRunner-Runner[5085:1369534] The following attributes were requested to be included into the XML: {(
[38;5;69m[5c4101fc][0m[38;5;173m[Xcode][0m     FBTypeAttribute
[38;5;69m[5c4101fc][0m[38;5;173m[Xcode][0m )}
[38;5;69m[5c4101fc][0m[38;5;173m[Xcode][0m     t =   811.74s Requesting snapshot of accessibility hierarchy for app with pid 5086
[38;5;69m[5c4101fc][0m[38;5;173m[Xcode][0m 2025-02-07 08:24:30.227750+0530 WebDriverAgentRunner-Runner[5085:1369534] The following attributes were requested to be included into the XML: {(
[38;5;69m[5c4101fc][0m[38;5;173m[Xcode][0m     FBTypeAttribute
[38;5;69m[5c4101fc][0m[38;5;173m[Xcode][0m )}
[38;5;69m[5c4101fc][0m[38;5;173m[Xcode][0m     t =   812.52s Requesting snapshot of accessibility hierarchy for app with pid 5086
[38;5;69m[5c4101fc][0m[38;5;173m[Xcode][0m 2025-02-07 08:24:30.955320+0530 WebDriverAgentRunner-Runner[5085:1369534] The following attributes were requested to be included into the XML: {(
[38;5;69m[5c4101fc][0m[38;5;173m[Xcode][0m     FBTypeAttribute
[38;5;69m[5c4101fc][0m[38;5;173m[Xcode][0m )}
[38;5;69m[5c4101fc][0m[38;5;173m[Xcode][0m     t =   813.25s Requesting snapshot of accessibility hierarchy for app with pid 5086
[38;5;69m[5c4101fc][0m[38;5;173m[Xcode][0m 2025-02-07 08:24:31.695854+0530 WebDriverAgentRunner-Runner[5085:1369534] The following attributes were requested to be included into the XML: {(
[38;5;69m[5c4101fc][0m[38;5;173m[Xcode][0m     FBTypeAttribute
[38;5;69m[5c4101fc][0m[38;5;173m[Xcode][0m )}
[38;5;69m[5c4101fc][0m[38;5;173m[Xcode][0m     t =   813.99s Requesting snapshot of accessibility hierarchy for app with pid 5086
[38;5;69m[5c4101fc][0m[38;5;173m[Xcode][0m 2025-02-07 08:24:32.409844+0530 WebDriverAgentRunner-Runner[5085:1369534] The following attributes were requested to be included into the XML: {(
[38;5;69m[5c4101fc][0m[38;5;173m[Xcode][0m     FBTypeAttribute
[38;5;69m[5c4101fc][0m[38;5;173m[Xcode][0m )}
[38;5;69m[5c4101fc][0m[38;5;173m[Xcode][0m     t =   814.70s Requesting snapshot of accessibility hierarchy for app with pid 5086
[38;5;69m[5c4101fc][0m[38;5;173m[Xcode][0m 2025-02-07 08:24:33.153409+0530 WebDriverAgentRunner-Runner[5085:1369534] The following attributes were requested to be included into the XML: {(
[38;5;69m[5c4101fc][0m[38;5;173m[Xcode][0m     FBTypeAttribute
[38;5;69m[5c4101fc][0m[38;5;173m[Xcode][0m )}
[38;5;69m[5c4101fc][0m[38;5;173m[Xcode][0m     t =   815.45s Requesting snapshot of accessibility hierarchy for app with pid 5086
[38;5;69m[5c4101fc][0m[38;5;173m[Xcode][0m 2025-02-07 08:24:33.901337+0530 WebDriverAgentRunner-Runner[5085:1369534] The following attributes were requested to be included into the XML: {(
[38;5;69m[5c4101fc][0m[38;5;173m[Xcode][0m     FBTypeAttribute
[38;5;69m[5c4101fc][0m[38;5;173m[Xcode][0m )}
[38;5;69m[5c4101fc][0m[38;5;173m[Xcode][0m     t =   816.19s Requesting snapshot of accessibility hierarchy for app with pid 5086
[38;5;69m[5c4101fc][0m[38;5;173m[Xcode][0m 2025-02-07 08:24:34.633310+0530 WebDriverAgentRunner-Runner[5085:1369534] The following attributes were requested to be included into the XML: {(
[38;5;69m[5c4101fc][0m[38;5;173m[Xcode][0m     FBTypeAttribute
[38;5;69m[5c4101fc][0m[38;5;173m[Xcode][0m )}
[38;5;69m[5c4101fc][0m[38;5;173m[Xcode][0m     t =   816.92s Requesting snapshot of accessibility hierarchy for app with pid 5086
[38;5;69m[5c4101fc][0m[38;5;173m[Xcode][0m 2025-02-07 08:24:35.366805+0530 WebDriverAgentRunner-Runner[5085:1369534] The following attributes were requested to be included into the XML: {(
[38;5;69m[5c4101fc][0m[38;5;173m[Xcode][0m     FBTypeAttribute
[38;5;69m[5c4101fc][0m[38;5;173m[Xcode][0m )}
[38;5;69m[5c4101fc][0m[38;5;173m[Xcode][0m     t =   817.66s Requesting snapshot of accessibility hierarchy for app with pid 5086
[38;5;69m[5c4101fc][0m[38;5;173m[Xcode][0m 2025-02-07 08:24:36.083724+0530 WebDriverAgentRunner-Runner[5085:1369534] The following attributes were requested to be included into the XML: {(
[38;5;69m[5c4101fc][0m[38;5;173m[Xcode][0m     FBTypeAttribute
[38;5;69m[5c4101fc][0m[38;5;173m[Xcode][0m )}
[38;5;69m[5c4101fc][0m[38;5;173m[Xcode][0m     t =   818.38s Requesting snapshot of accessibility hierarchy for app with pid 5086
[38;5;69m[5c4101fc][0m[38;5;173m[Xcode][0m 2025-02-07 08:24:36.812505+0530 WebDriverAgentRunner-Runner[5085:1369534] The following attributes were requested to be included into the XML: {(
[38;5;69m[5c4101fc][0m[38;5;173m[Xcode][0m     FBTypeAttribute
[38;5;69m[5c4101fc][0m[38;5;173m[Xcode][0m )}
[38;5;69m[5c4101fc][0m[38;5;173m[Xcode][0m     t =   819.10s Requesting snapshot of accessibility hierarchy for app with pid 5086
[38;5;69m[5c4101fc][0m[38;5;173m[Xcode][0m 2025-02-07 08:24:37.541906+0530 WebDriverAgentRunner-Runner[5085:1369534] The following attributes were requested to be included into the XML: {(
[38;5;69m[5c4101fc][0m[38;5;173m[Xcode][0m     FBTypeAttribute
[38;5;69m[5c4101fc][0m[38;5;173m[Xcode][0m )}
[38;5;69m[5c4101fc][0m[38;5;173m[Xcode][0m     t =   819.83s Requesting snapshot of accessibility hierarchy for app with pid 5086
[38;5;69m[5c4101fc][0m[38;5;173m[Xcode][0m 2025-02-07 08:24:38.301646+0530 WebDriverAgentRunner-Runner[5085:1369534] The following attributes were requested to be included into the XML: {(
[38;5;69m[5c4101fc][0m[38;5;173m[Xcode][0m     FBTypeAttribute
[38;5;69m[5c4101fc][0m[38;5;173m[Xcode][0m )}
[38;5;69m[5c4101fc][0m[38;5;173m[Xcode][0m     t =   820.59s Requesting snapshot of accessibility hierarchy for app with pid 5086
[38;5;69m[5c4101fc][0m[38;5;173m[Xcode][0m 2025-02-07 08:24:39.008246+0530 WebDriverAgentRunner-Runner[5085:1369534] The following attributes were requested to be included into the XML: {(
[38;5;69m[5c4101fc][0m[38;5;173m[Xcode][0m     FBTypeAttribute
[38;5;69m[5c4101fc][0m[38;5;173m[Xcode][0m )}
[38;5;69m[5c4101fc][0m[38;5;173m[Xcode][0m     t =   821.30s Requesting snapshot of accessibility hierarchy for app with pid 5086
[38;5;69m[5c4101fc][0m[38;5;173m[Xcode][0m 2025-02-07 08:24:39.749216+0530 WebDriverAgentRunner-Runner[5085:1369534] The following attributes were requested to be included into the XML: {(
[38;5;69m[5c4101fc][0m[38;5;173m[Xcode][0m     FBTypeAttribute
[38;5;69m[5c4101fc][0m[38;5;173m[Xcode][0m )}
[38;5;69m[5c4101fc][0m[38;5;173m[Xcode][0m     t =   822.04s Requesting snapshot of accessibility hierarchy for app with pid 5086
[38;5;69m[5c4101fc][0m[38;5;173m[Xcode][0m 2025-02-07 08:24:40.495184+0530 WebDriverAgentRunner-Runner[5085:1369534] The following attributes were requested to be included into the XML: {(
[38;5;69m[5c4101fc][0m[38;5;173m[Xcode][0m     FBTypeAttribute
[38;5;69m[5c4101fc][0m[38;5;173m[Xcode][0m )}
[38;5;69m[5c4101fc][0m[38;5;173m[Xcode][0m     t =   822.79s Requesting snapshot of accessibility hierarchy for app with pid 5086
[38;5;69m[5c4101fc][0m[38;5;173m[Xcode][0m 2025-02-07 08:24:41.306991+0530 WebDriverAgentRunner-Runner[5085:1369534] The following attributes were requested to be included into the XML: {(
[38;5;69m[5c4101fc][0m[38;5;173m[Xcode][0m     FBTypeAttribute
[38;5;69m[5c4101fc][0m[38;5;173m[Xcode][0m )}
[38;5;69m[5c4101fc][0m[38;5;173m[Xcode][0m     t =   823.60s Requesting snapshot of accessibility hierarchy for app with pid 5086
[38;5;69m[5c4101fc][0m[38;5;173m[Xcode][0m 2025-02-07 08:24:42.035287+0530 WebDriverAgentRunner-Runner[5085:1369534] The following attributes were requested to be included into the XML: {(
[38;5;69m[5c4101fc][0m[38;5;173m[Xcode][0m     FBTypeAttribute
[38;5;69m[5c4101fc][0m[38;5;173m[Xcode][0m )}
[38;5;69m[5c4101fc][0m[38;5;173m[Xcode][0m     t =   824.33s Requesting snapshot of accessibility hierarchy for app with pid 5086
[38;5;69m[5c4101fc][0m[38;5;173m[Xcode][0m 2025-02-07 08:24:42.771051+0530 WebDriverAgentRunner-Runner[5085:1369534] The following attributes were requested to be included into the XML: {(
[38;5;69m[5c4101fc][0m[38;5;173m[Xcode][0m     FBTypeAttribute
[38;5;69m[5c4101fc][0m[38;5;173m[Xcode][0m )}
[38;5;69m[5c4101fc][0m[38;5;173m[Xcode][0m     t =   825.06s Requesting snapshot of accessibility hierarchy for app with pid 5086
[38;5;69m[5c4101fc][0m[38;5;173m[Xcode][0m 2025-02-07 08:24:43.520276+0530 WebDriverAgentRunner-Runner[5085:1369534] The following attributes were requested to be included into the XML: {(
[38;5;69m[5c4101fc][0m[38;5;173m[Xcode][0m     FBTypeAttribute
[38;5;69m[5c4101fc][0m[38;5;173m[Xcode][0m )}
[38;5;69m[5c4101fc][0m[38;5;173m[Xcode][0m     t =   825.81s Requesting snapshot of accessibility hierarchy for app with pid 5086
[38;5;69m[5c4101fc][0m[38;5;173m[Xcode][0m 2025-02-07 08:24:44.235316+0530 WebDriverAgentRunner-Runner[5085:1369534] The following attributes were requested to be included into the XML: {(
[38;5;69m[5c4101fc][0m[38;5;173m[Xcode][0m     FBTypeAttribute
[38;5;69m[5c4101fc][0m[38;5;173m[Xcode][0m )}
[38;5;69m[5c4101fc][0m[38;5;173m[Xcode][0m     t =   826.53s Requesting snapshot of accessibility hierarchy for app with pid 5086
[38;5;69m[5c4101fc][0m[38;5;173m[Xcode][0m 2025-02-07 08:24:44.713978+0530 WebDriverAgentRunner-Runner[5085:1369534] The following attributes were requested to be included into the XML: {(
[38;5;69m[5c4101fc][0m[38;5;173m[Xcode][0m     FBTypeAttribute
[38;5;69m[5c4101fc][0m[38;5;173m[Xcode][0m )}
[38;5;69m[5c4101fc][0m[38;5;173m[Xcode][0m     t =   827.01s Requesting snapshot of accessibility hierarchy for app with pid 5086
[38;5;69m[5c4101fc][0m[38;5;86m[HTTP][0m <-- POST /wd/hub/session/5c4101fc-81f0-4e7e-a799-2a5c98df72bd/elements 200 60256 ms - 12 
[38;5;69m[5c4101fc][0m[38;5;86m[HTTP][0m [37m-->[39m [37mPOST[39m [37m/wd/hub/session/5c4101fc-81f0-4e7e-a799-2a5c98df72bd/execute/sync[39m {"script":"mobile: source","args":[{"format":"xml","excludedAttributes":"visible"}]}
[38;5;69m[5c4101fc][0m[38;5;173m[Xcode][0m 2025-02-07 08:24:45.749906+0530 WebDriverAgentRunner-Runner[5085:1369534] The following attributes were requested to be included into the XML: {(
[38;5;69m[5c4101fc][0m[38;5;173m[Xcode][0m     FBTypeAttribute,
[38;5;69m[5c4101fc][0m[38;5;173m[Xcode][0m     FBYAttribute,
[38;5;69m[5c4101fc][0m[38;5;173m[Xcode][0m     FBLabelAttribute,
[38;5;69m[5c4101fc][0m[38;5;173m[Xcode][0m     FBIndexAttribute,
[38;5;69m[5c4101fc][0m[38;5;173m[Xcode][0m     FBXAttribute,
[38;5;69m[5c4101fc][0m[38;5;173m[Xcode][0m     FBNameAttribute,
[38;5;69m[5c4101fc][0m[38;5;173m[Xcode][0m     FBHeightAttribute,
[38;5;69m[5c4101fc][0m[38;5;173m[Xcode][0m     FBAccessibleAttribute,
[38;5;69m[5c4101fc][0m[38;5;173m[Xcode][0m     FBValueAttribute,
[38;5;69m[5c4101fc][0m[38;5;173m[Xcode][0m     FBWidthAttribute,
[38;5;69m[5c4101fc][0m[38;5;173m[Xcode][0m     FBEnabledAttribute
[38;5;69m[5c4101fc][0m[38;5;173m[Xcode][0m )}
[38;5;69m[5c4101fc][0m[38;5;173m[Xcode][0m     t =   828.04s Requesting snapshot of accessibility hierarchy for app with pid 5086
[38;5;69m[5c4101fc][0m[38;5;173m[Xcode][0m 2025-02-07 08:24:46.202329+0530 WebDriverAgentRunner-Runner[5085:1369534] Cannot determine accessibility of 'XCUIElementTypeAny' natively: Error Domain=com.apple.dt.xctest.automation-support.error Code=11 "Accessibility error kAXErrorInvalidUIElement from AXUIElementCopyMultipleAttributeValues for 2016" UserInfo={accessibility-error=-25202, NSLocalizedDescription=Accessibility error kAXErrorInvalidUIElement from AXUIElementCopyMultipleAttributeValues for 2016}. Defaulting to: 0
[38;5;69m[5c4101fc][0m[38;5;173m[Xcode][0m 2025-02-07 08:24:46.215621+0530 WebDriverAgentRunner-Runner[5085:1369534] Cannot determine accessibility of 'XCUIElementTypeAny' natively: Error Domain=com.apple.dt.xctest.automation-support.error Code=11 "Accessibility error kAXErrorInvalidUIElement from AXUIElementCopyMultipleAttributeValues for 2016" UserInfo={accessibility-error=-25202, NSLocalizedDescription=Accessibility error kAXErrorInvalidUIElement from AXUIElementCopyMultipleAttributeValues for 2016}. Defaulting to: 0
[38;5;69m[5c4101fc][0m[38;5;173m[Xcode][0m 2025-02-07 08:24:46.229459+0530 WebDriverAgentRunner-Runner[5085:1369534] Cannot determine accessibility of 'XCUIElementTypeAny' natively: Error Domain=com.apple.dt.xctest.automation-support.error Code=11 "Accessibility error kAXErrorInvalidUIElement from AXUIElementCopyMultipleAttributeValues for 2016" UserInfo={accessibility-error=-25202, NSLocalizedDescription=Accessibility error kAXErrorInvalidUIElement from AXUIElementCopyMultipleAttributeValues for 2016}. Defaulting to: 0
[38;5;69m[5c4101fc][0m[38;5;86m[HTTP][0m <-- POST /wd/hub/session/5c4101fc-81f0-4e7e-a799-2a5c98df72bd/execute/sync 200 1038 ms - 14014 
[38;5;69m[5c4101fc][0m[38;5;86m[HTTP][0m [37m-->[39m [37mGET[39m [37m/wd/hub/session/5c4101fc-81f0-4e7e-a799-2a5c98df72bd/screenshot[39m {}
[38;5;69m[5c4101fc][0m[38;5;86m[HTTP][0m <-- GET /wd/hub/session/5c4101fc-81f0-4e7e-a799-2a5c98df72bd/screenshot 200 164 ms - 310500 
[38;5;69m[5c4101fc][0m[38;5;86m[HTTP][0m [37m-->[39m [37mGET[39m [37m/wd/hub/session/5c4101fc-81f0-4e7e-a799-2a5c98df72bd/window/rect[39m {}
[38;5;69m[5c4101fc][0m[38;5;173m[Xcode][0m     t =   848.91s Find the Application 'com.eisplc.winfertility'
[38;5;69m[5c4101fc][0m[38;5;173m[Xcode][0m     t =   848.92s     Requesting snapshot of accessibility hierarchy for app with pid 5086
[38;5;69m[5c4101fc][0m[38;5;86m[HTTP][0m <-- GET /wd/hub/session/5c4101fc-81f0-4e7e-a799-2a5c98df72bd/window/rect 200 175 ms - 48 
[38;5;69m[5c4101fc][0m[38;5;86m[HTTP][0m [37m-->[39m [37mPOST[39m [37m/wd/hub/session/5c4101fc-81f0-4e7e-a799-2a5c98df72bd/elements[39m {"using":"xpath","value":"//*[@type = 'XCUIElementTypeButton' and @label = 'Done' and @name = 'Done']"}
[38;5;69m[5c4101fc][0m[38;5;173m[Xcode][0m 2025-02-07 08:25:06.794191+0530 WebDriverAgentRunner-Runner[5085:1369534] The following attributes were requested to be included into the XML: {(
[38;5;69m[5c4101fc][0m[38;5;173m[Xcode][0m     FBNameAttribute,
[38;5;69m[5c4101fc][0m[38;5;173m[Xcode][0m     FBTypeAttribute,
[38;5;69m[5c4101fc][0m[38;5;173m[Xcode][0m     FBLabelAttribute
[38;5;69m[5c4101fc][0m[38;5;173m[Xcode][0m )}
[38;5;69m[5c4101fc][0m[38;5;173m[Xcode][0m     t =   849.08s Requesting snapshot of accessibility hierarchy for app with pid 5086
[38;5;69m[5c4101fc][0m[38;5;173m[Xcode][0m     t =   849.70s Get all elements bound by index for: Elements matching predicate 'fb_uid IN {"3F020000-0000-0000-DE13-000000000000"}'
[38;5;69m[5c4101fc][0m[38;5;173m[Xcode][0m     t =   849.70s     Requesting snapshot of accessibility hierarchy for app with pid 5086
[38;5;69m[5c4101fc][0m[38;5;173m[Xcode][0m     t =   849.75s     Find: Descendants matching type Button
[38;5;69m[5c4101fc][0m[38;5;173m[Xcode][0m     t =   849.76s     Find: Elements matching predicate 'fb_uid IN {"3F020000-0000-0000-DE13-000000000000"}'
[38;5;69m[5c4101fc][0m[38;5;173m[Xcode][0m     t =   849.76s Find the Button (Element at index 0)
[38;5;69m[5c4101fc][0m[38;5;173m[Xcode][0m     t =   849.76s     Requesting snapshot of accessibility hierarchy for app with pid 5086
[38;5;69m[5c4101fc][0m[38;5;86m[HTTP][0m <-- POST /wd/hub/session/5c4101fc-81f0-4e7e-a799-2a5c98df72bd/elements 200 746 ms - 139 
[38;5;69m[5c4101fc][0m[38;5;86m[HTTP][0m [37m-->[39m [37mGET[39m [37m/wd/hub/session/5c4101fc-81f0-4e7e-a799-2a5c98df72bd/element/3F020000-0000-0000-DE13-000000000000/location[39m {}
[38;5;69m[5c4101fc][0m[38;5;173m[Xcode][0m     t =   849.81s     Find: Descendants matching type Button
[38;5;69m[5c4101fc][0m[38;5;173m[Xcode][0m     t =   849.81s     Find: Elements matching predicate 'fb_uid IN {"3F020000-0000-0000-DE13-000000000000"}'
[38;5;69m[5c4101fc][0m[38;5;173m[Xcode][0m     t =   849.81s     Find: Element at index 0
[38;5;69m[5c4101fc][0m[38;5;86m[HTTP][0m <-- GET /wd/hub/session/5c4101fc-81f0-4e7e-a799-2a5c98df72bd/element/3F020000-0000-0000-DE13-000000000000/location 200 69 ms - 27 
[38;5;69m[5c4101fc][0m[38;5;86m[HTTP][0m [37m-->[39m [37mPOST[39m [37m/wd/hub/session/5c4101fc-81f0-4e7e-a799-2a5c98df72bd/element/3F020000-0000-0000-DE13-000000000000/click[39m {"id":"3F020000-0000-0000-DE13-000000000000"}
[38;5;69m[5c4101fc][0m[38;5;109m[XCUITestDriver@e07b][0m Driver proxy active, passing request on via HTTP proxy
[38;5;69m[5c4101fc][0m[38;5;173m[Xcode][0m     t =   849.83s Find the "Done" Button
[38;5;69m[5c4101fc][0m[38;5;173m[Xcode][0m     t =   849.83s     Requesting snapshot of accessibility hierarchy for app with pid 5086
[38;5;69m[5c4101fc][0m[38;5;173m[Xcode][0m     t =   849.88s     Find: Descendants matching type Button
[38;5;69m[5c4101fc][0m[38;5;173m[Xcode][0m     t =   849.88s     Find: Elements matching predicate 'fb_uid IN {"3F020000-0000-0000-DE13-000000000000"}'
[38;5;69m[5c4101fc][0m[38;5;173m[Xcode][0m     t =   849.88s     Find: Element at index 0
[38;5;69m[5c4101fc][0m[38;5;173m[Xcode][0m     t =   849.90s Find the "Done" Button
[38;5;69m[5c4101fc][0m[38;5;173m[Xcode][0m     t =   849.91s     Requesting snapshot of accessibility hierarchy for app with pid 5086
[38;5;69m[5c4101fc][0m[38;5;173m[Xcode][0m     t =   849.95s     Find: Descendants matching type Button
[38;5;69m[5c4101fc][0m[38;5;173m[Xcode][0m     t =   849.96s     Find: Elements matching predicate 'fb_uid IN {"3F020000-0000-0000-DE13-000000000000"}'
[38;5;69m[5c4101fc][0m[38;5;173m[Xcode][0m     t =   849.96s     Find: Element at index 0
[38;5;69m[5c4101fc][0m[38;5;173m[Xcode][0m     t =   849.97s Tap "Done" Button
[38;5;69m[5c4101fc][0m[38;5;173m[Xcode][0m 2025-02-07 08:25:07.682608+0530 WebDriverAgentRunner-Runner[5085:1369534] Waiting up to 10s until com.eisplc.winfertility is in idle state (including animations)
[38;5;69m[5c4101fc][0m[38;5;173m[Xcode][0m     t =   849.97s     Wait for com.eisplc.winfertility to idle
[38;5;69m[5c4101fc][0m[38;5;173m[Xcode][0m     t =   849.98s     Find the "Done" Button
[38;5;69m[5c4101fc][0m[38;5;173m[Xcode][0m     t =   849.98s         Requesting snapshot of accessibility hierarchy for app with pid 5086
[38;5;69m[5c4101fc][0m[38;5;173m[Xcode][0m     t =   850.03s         Find: Descendants matching type Button
[38;5;69m[5c4101fc][0m[38;5;173m[Xcode][0m     t =   850.03s         Find: Elements matching predicate 'fb_uid IN {"3F020000-0000-0000-DE13-000000000000"}'
[38;5;69m[5c4101fc][0m[38;5;173m[Xcode][0m     t =   850.03s         Find: Element at index 0
[38;5;69m[5c4101fc][0m[38;5;173m[Xcode][0m     t =   850.03s Application is configured to skip UI interruption handling
[38;5;69m[5c4101fc][0m[38;5;173m[Xcode][0m     t =   850.03s     Synthesize event
[38;5;69m[5c4101fc][0m[38;5;173m[Xcode][0m 2025-02-07 08:25:08.068265+0530 WebDriverAgentRunner-Runner[5085:1369534] Waiting up to 10s until com.eisplc.winfertility is in idle state (including animations)
[38;5;69m[5c4101fc][0m[38;5;109m[XCUITestDriver@e07b][0m Replacing sessionId 6DF50C26-EDAD-4536-AB65-4734112A5F31 with 5c4101fc-81f0-4e7e-a799-2a5c98df72bd
[38;5;69m[5c4101fc][0m[38;5;86m[HTTP][0m <-- POST /wd/hub/session/5c4101fc-81f0-4e7e-a799-2a5c98df72bd/element/3F020000-0000-0000-DE13-000000000000/click 200 473 ms - 65 
[38;5;69m[5c4101fc][0m[38;5;173m[Xcode][0m     t =   850.36s     Wait for com.eisplc.winfertility to idle
[38;5;69m[5c4101fc][0m[38;5;86m[HTTP][0m [37m-->[39m [37mPOST[39m [37m/wd/hub/session/5c4101fc-81f0-4e7e-a799-2a5c98df72bd/execute/sync[39m {"script":"mobile: source","args":[{"format":"xml","excludedAttributes":"visible"}]}
[38;5;69m[5c4101fc][0m[38;5;173m[Xcode][0m 2025-02-07 08:25:08.728596+0530 WebDriverAgentRunner-Runner[5085:1369534] The following attributes were requested to be included into the XML: {(
[38;5;69m[5c4101fc][0m[38;5;173m[Xcode][0m     FBTypeAttribute,
[38;5;69m[5c4101fc][0m[38;5;173m[Xcode][0m     FBYAttribute,
[38;5;69m[5c4101fc][0m[38;5;173m[Xcode][0m     FBLabelAttribute,
[38;5;69m[5c4101fc][0m[38;5;173m[Xcode][0m     FBIndexAttribute,
[38;5;69m[5c4101fc][0m[38;5;173m[Xcode][0m     FBXAttribute,
[38;5;69m[5c4101fc][0m[38;5;173m[Xcode][0m     FBNameAttribute,
[38;5;69m[5c4101fc][0m[38;5;173m[Xcode][0m     FBHeightAttribute,
[38;5;69m[5c4101fc][0m[38;5;173m[Xcode][0m     FBAccessibleAttribute,
[38;5;69m[5c4101fc][0m[38;5;173m[Xcode][0m     FBValueAttribute,
[38;5;69m[5c4101fc][0m[38;5;173m[Xcode][0m     FBWidthAttribute,
[38;5;69m[5c4101fc][0m[38;5;173m[Xcode][0m     FBEnabledAttribute
[38;5;69m[5c4101fc][0m[38;5;173m[Xcode][0m )}
[38;5;69m[5c4101fc][0m[38;5;173m[Xcode][0m     t =   851.02s Requesting snapshot of accessibility hierarchy for app with pid 5086
[38;5;69m[5c4101fc][0m[38;5;86m[HTTP][0m <-- POST /wd/hub/session/5c4101fc-81f0-4e7e-a799-2a5c98df72bd/execute/sync 200 958 ms - 12415 
[38;5;69m[5c4101fc][0m[38;5;86m[HTTP][0m [37m-->[39m [37mGET[39m [37m/wd/hub/session/5c4101fc-81f0-4e7e-a799-2a5c98df72bd/screenshot[39m {}
[38;5;69m[5c4101fc][0m[38;5;86m[HTTP][0m <-- GET /wd/hub/session/5c4101fc-81f0-4e7e-a799-2a5c98df72bd/screenshot 200 165 ms - 260752 
[38;5;69m[5c4101fc][0m[38;5;86m[HTTP][0m [37m-->[39m [37mGET[39m [37m/wd/hub/session/5c4101fc-81f0-4e7e-a799-2a5c98df72bd/window/rect[39m {}
[38;5;69m[5c4101fc][0m[38;5;173m[Xcode][0m     t =   871.09s Find the Application 'com.eisplc.winfertility'
[38;5;69m[5c4101fc][0m[38;5;173m[Xcode][0m     t =   871.09s     Requesting snapshot of accessibility hierarchy for app with pid 5086
[38;5;69m[5c4101fc][0m[38;5;86m[HTTP][0m <-- GET /wd/hub/session/5c4101fc-81f0-4e7e-a799-2a5c98df72bd/window/rect 200 145 ms - 48 
[38;5;69m[5c4101fc][0m[38;5;86m[HTTP][0m [37m-->[39m [37mPOST[39m [37m/wd/hub/session/5c4101fc-81f0-4e7e-a799-2a5c98df72bd/elements[39m {"using":"xpath","value":"//*[@type = 'XCUIElementTypeButton' and @label = 'Select Image(s)' and @name = 'Select Image(s)']"}
[38;5;69m[5c4101fc][0m[38;5;173m[Xcode][0m 2025-02-07 08:25:28.945921+0530 WebDriverAgentRunner-Runner[5085:1369534] The following attributes were requested to be included into the XML: {(
[38;5;69m[5c4101fc][0m[38;5;173m[Xcode][0m     FBNameAttribute,
[38;5;69m[5c4101fc][0m[38;5;173m[Xcode][0m     FBTypeAttribute,
[38;5;69m[5c4101fc][0m[38;5;173m[Xcode][0m     FBLabelAttribute
[38;5;69m[5c4101fc][0m[38;5;173m[Xcode][0m )}
[38;5;69m[5c4101fc][0m[38;5;173m[Xcode][0m     t =   871.24s Requesting snapshot of accessibility hierarchy for app with pid 5086
[38;5;69m[5c4101fc][0m[38;5;173m[Xcode][0m     t =   871.58s Get all elements bound by index for: Elements matching predicate 'fb_uid IN {"34020000-0000-0000-DE13-000000000000"}'
[38;5;69m[5c4101fc][0m[38;5;173m[Xcode][0m     t =   871.58s     Requesting snapshot of accessibility hierarchy for app with pid 5086
[38;5;69m[5c4101fc][0m[38;5;173m[Xcode][0m     t =   871.63s     Find: Descendants matching type Button
[38;5;69m[5c4101fc][0m[38;5;173m[Xcode][0m     t =   871.63s     Find: Elements matching predicate 'fb_uid IN {"34020000-0000-0000-DE13-000000000000"}'
[38;5;69m[5c4101fc][0m[38;5;173m[Xcode][0m     t =   871.63s Find the Button (Element at index 0)
[38;5;69m[5c4101fc][0m[38;5;173m[Xcode][0m     t =   871.64s     Requesting snapshot of accessibility hierarchy for app with pid 5086
[38;5;69m[5c4101fc][0m[38;5;173m[Xcode][0m     t =   871.67s     Find: Descendants matching type Button
[38;5;69m[5c4101fc][0m[38;5;173m[Xcode][0m     t =   871.67s     Find: Elements matching predicate 'fb_uid IN {"34020000-0000-0000-DE13-000000000000"}'
[38;5;69m[5c4101fc][0m[38;5;173m[Xcode][0m     t =   871.68s     Find: Element at index 0
[38;5;69m[5c4101fc][0m[38;5;86m[HTTP][0m <-- POST /wd/hub/session/5c4101fc-81f0-4e7e-a799-2a5c98df72bd/elements 200 464 ms - 139 
[38;5;69m[5c4101fc][0m[38;5;86m[HTTP][0m [37m-->[39m [37mGET[39m [37m/wd/hub/session/5c4101fc-81f0-4e7e-a799-2a5c98df72bd/element/34020000-0000-0000-DE13-000000000000/location[39m {}
[38;5;69m[5c4101fc][0m[38;5;173m[Xcode][0m     t =   871.70s Find the "Select Image(s)" Button
[38;5;69m[5c4101fc][0m[38;5;173m[Xcode][0m     t =   871.70s     Requesting snapshot of accessibility hierarchy for app with pid 5086
[38;5;69m[5c4101fc][0m[38;5;86m[HTTP][0m <-- GET /wd/hub/session/5c4101fc-81f0-4e7e-a799-2a5c98df72bd/element/34020000-0000-0000-DE13-000000000000/location 200 65 ms - 26 
[38;5;69m[5c4101fc][0m[38;5;86m[HTTP][0m [37m-->[39m [37mPOST[39m [37m/wd/hub/session/5c4101fc-81f0-4e7e-a799-2a5c98df72bd/element/34020000-0000-0000-DE13-000000000000/click[39m {"id":"34020000-0000-0000-DE13-000000000000"}
[38;5;69m[5c4101fc][0m[38;5;109m[XCUITestDriver@e07b][0m Driver proxy active, passing request on via HTTP proxy
[38;5;69m[5c4101fc][0m[38;5;173m[Xcode][0m     t =   871.74s     Find: Descendants matching type Button
[38;5;69m[5c4101fc][0m[38;5;173m[Xcode][0m     t =   871.75s     Find: Elements matching predicate 'fb_uid IN {"34020000-0000-0000-DE13-000000000000"}'
[38;5;69m[5c4101fc][0m[38;5;173m[Xcode][0m     t =   871.75s     Find: Element at index 0
[38;5;69m[5c4101fc][0m[38;5;173m[Xcode][0m     t =   871.77s Find the "Select Image(s)" Button
[38;5;69m[5c4101fc][0m[38;5;173m[Xcode][0m     t =   871.77s     Requesting snapshot of accessibility hierarchy for app with pid 5086
[38;5;69m[5c4101fc][0m[38;5;173m[Xcode][0m     t =   871.81s     Find: Descendants matching type Button
[38;5;69m[5c4101fc][0m[38;5;173m[Xcode][0m     t =   871.82s     Find: Elements matching predicate 'fb_uid IN {"34020000-0000-0000-DE13-000000000000"}'
[38;5;69m[5c4101fc][0m[38;5;173m[Xcode][0m     t =   871.82s     Find: Element at index 0
[38;5;69m[5c4101fc][0m[38;5;173m[Xcode][0m     t =   871.83s Tap "Select Image(s)" Button
[38;5;69m[5c4101fc][0m[38;5;173m[Xcode][0m 2025-02-07 08:25:29.540334+0530 WebDriverAgentRunner-Runner[5085:1369534] Waiting up to 10s until com.eisplc.winfertility is in idle state (including animations)
[38;5;69m[5c4101fc][0m[38;5;173m[Xcode][0m     t =   871.83s     Wait for com.eisplc.winfertility to idle
[38;5;69m[5c4101fc][0m[38;5;173m[Xcode][0m     t =   871.84s     Find the "Select Image(s)" Button
[38;5;69m[5c4101fc][0m[38;5;173m[Xcode][0m     t =   871.84s         Requesting snapshot of accessibility hierarchy for app with pid 5086
[38;5;69m[5c4101fc][0m[38;5;173m[Xcode][0m     t =   871.88s         Find: Descendants matching type Button
[38;5;69m[5c4101fc][0m[38;5;173m[Xcode][0m     t =   871.88s         Find: Elements matching predicate 'fb_uid IN {"34020000-0000-0000-DE13-000000000000"}'
[38;5;69m[5c4101fc][0m[38;5;173m[Xcode][0m     t =   871.88s         Find: Element at index 0
[38;5;69m[5c4101fc][0m[38;5;173m[Xcode][0m     t =   871.88s Application is configured to skip UI interruption handling
[38;5;69m[5c4101fc][0m[38;5;173m[Xcode][0m     t =   871.89s     Synthesize event
[38;5;69m[5c4101fc][0m[38;5;173m[Xcode][0m 2025-02-07 08:25:29.921289+0530 WebDriverAgentRunner-Runner[5085:1369534] Waiting up to 10s until com.eisplc.winfertility is in idle state (including animations)
[38;5;69m[5c4101fc][0m[38;5;109m[XCUITestDriver@e07b][0m Replacing sessionId 6DF50C26-EDAD-4536-AB65-4734112A5F31 with 5c4101fc-81f0-4e7e-a799-2a5c98df72bd
[38;5;69m[5c4101fc][0m[38;5;86m[HTTP][0m <-- POST /wd/hub/session/5c4101fc-81f0-4e7e-a799-2a5c98df72bd/element/34020000-0000-0000-DE13-000000000000/click 200 461 ms - 65 
[38;5;69m[5c4101fc][0m[38;5;173m[Xcode][0m     t =   872.21s     Wait for com.eisplc.winfertility to idle
[38;5;69m[5c4101fc][0m[38;5;86m[HTTP][0m [37m-->[39m [37mPOST[39m [37m/wd/hub/session/5c4101fc-81f0-4e7e-a799-2a5c98df72bd/execute/sync[39m {"script":"mobile: source","args":[{"format":"xml","excludedAttributes":"visible"}]}
[38;5;69m[5c4101fc][0m[38;5;173m[Xcode][0m 2025-02-07 08:25:30.580450+0530 WebDriverAgentRunner-Runner[5085:1369534] The following attributes were requested to be included into the XML: {(
[38;5;69m[5c4101fc][0m[38;5;173m[Xcode][0m     FBTypeAttribute,
[38;5;69m[5c4101fc][0m[38;5;173m[Xcode][0m     FBYAttribute,
[38;5;69m[5c4101fc][0m[38;5;173m[Xcode][0m     FBLabelAttribute,
[38;5;69m[5c4101fc][0m[38;5;173m[Xcode][0m     FBIndexAttribute,
[38;5;69m[5c4101fc][0m[38;5;173m[Xcode][0m     FBXAttribute,
[38;5;69m[5c4101fc][0m[38;5;173m[Xcode][0m     FBNameAttribute,
[38;5;69m[5c4101fc][0m[38;5;173m[Xcode][0m     FBHeightAttribute,
[38;5;69m[5c4101fc][0m[38;5;173m[Xcode][0m     FBAccessibleAttribute,
[38;5;69m[5c4101fc][0m[38;5;173m[Xcode][0m     FBValueAttribute,
[38;5;69m[5c4101fc][0m[38;5;173m[Xcode][0m     FBWidthAttribute,
[38;5;69m[5c4101fc][0m[38;5;173m[Xcode][0m     FBEnabledAttribute
[38;5;69m[5c4101fc][0m[38;5;173m[Xcode][0m )}
[38;5;69m[5c4101fc][0m[38;5;173m[Xcode][0m     t =   872.87s Requesting snapshot of accessibility hierarchy for app with pid 5086
[38;5;69m[5c4101fc][0m[38;5;86m[HTTP][0m <-- POST /wd/hub/session/5c4101fc-81f0-4e7e-a799-2a5c98df72bd/execute/sync 200 2083 ms - 26637 
[38;5;69m[5c4101fc][0m[38;5;86m[HTTP][0m [37m-->[39m [37mGET[39m [37m/wd/hub/session/5c4101fc-81f0-4e7e-a799-2a5c98df72bd/screenshot[39m {}
[38;5;69m[5c4101fc][0m[38;5;86m[HTTP][0m <-- GET /wd/hub/session/5c4101fc-81f0-4e7e-a799-2a5c98df72bd/screenshot 200 193 ms - 568528 
[38;5;69m[5c4101fc][0m[38;5;86m[HTTP][0m [37m-->[39m [37mGET[39m [37m/wd/hub/session/5c4101fc-81f0-4e7e-a799-2a5c98df72bd/window/rect[39m {}
[38;5;69m[5c4101fc][0m[38;5;173m[Xcode][0m     t =   891.17s Find the Application 'com.eisplc.winfertility'
[38;5;69m[5c4101fc][0m[38;5;173m[Xcode][0m     t =   891.18s     Requesting snapshot of accessibility hierarchy for app with pid 5086
[38;5;69m[5c4101fc][0m[38;5;86m[HTTP][0m <-- GET /wd/hub/session/5c4101fc-81f0-4e7e-a799-2a5c98df72bd/window/rect 200 217 ms - 48 
[38;5;69m[5c4101fc][0m[38;5;86m[HTTP][0m [37m-->[39m [37mPOST[39m [37m/wd/hub/session/5c4101fc-81f0-4e7e-a799-2a5c98df72bd/elements[39m {"using":"xpath","value":"//*[@type = 'XCUIElementTypeButton' and @label = 'Photo Library' and @name = 'Photo Library']"}
[38;5;69m[5c4101fc][0m[38;5;173m[Xcode][0m 2025-02-07 08:25:49.104161+0530 WebDriverAgentRunner-Runner[5085:1369534] The following attributes were requested to be included into the XML: {(
[38;5;69m[5c4101fc][0m[38;5;173m[Xcode][0m     FBNameAttribute,
[38;5;69m[5c4101fc][0m[38;5;173m[Xcode][0m     FBTypeAttribute,
[38;5;69m[5c4101fc][0m[38;5;173m[Xcode][0m     FBLabelAttribute
[38;5;69m[5c4101fc][0m[38;5;173m[Xcode][0m )}
[38;5;69m[5c4101fc][0m[38;5;173m[Xcode][0m     t =   891.39s Requesting snapshot of accessibility hierarchy for app with pid 5086
[38;5;69m[5c4101fc][0m[38;5;173m[Xcode][0m     t =   892.21s Get all elements bound by index for: Elements matching predicate 'fb_uid IN {"8B030000-0000-0000-DE13-000000000000"}'
[38;5;69m[5c4101fc][0m[38;5;173m[Xcode][0m     t =   892.21s     Requesting snapshot of accessibility hierarchy for app with pid 5086
[38;5;69m[5c4101fc][0m[38;5;173m[Xcode][0m     t =   892.30s     Find: Descendants matching type Button
[38;5;69m[5c4101fc][0m[38;5;173m[Xcode][0m     t =   892.30s     Find: Elements matching predicate 'fb_uid IN {"8B030000-0000-0000-DE13-000000000000"}'
[38;5;69m[5c4101fc][0m[38;5;173m[Xcode][0m     t =   892.30s Find the Button (Element at index 0)
[38;5;69m[5c4101fc][0m[38;5;173m[Xcode][0m     t =   892.31s     Requesting snapshot of accessibility hierarchy for app with pid 5086
[38;5;69m[5c4101fc][0m[38;5;173m[Xcode][0m     t =   892.38s     Find: Descendants matching type Button
[38;5;69m[5c4101fc][0m[38;5;86m[HTTP][0m <-- POST /wd/hub/session/5c4101fc-81f0-4e7e-a799-2a5c98df72bd/elements 200 1008 ms - 139 
[38;5;69m[5c4101fc][0m[38;5;173m[Xcode][0m     t =   892.38s     Find: Elements matching predicate 'fb_uid IN {"8B030000-0000-0000-DE13-000000000000"}'
[38;5;69m[5c4101fc][0m[38;5;173m[Xcode][0m     t =   892.38s     Find: Element at index 0
[38;5;69m[5c4101fc][0m[38;5;86m[HTTP][0m [37m-->[39m [37mGET[39m [37m/wd/hub/session/5c4101fc-81f0-4e7e-a799-2a5c98df72bd/element/8B030000-0000-0000-DE13-000000000000/location[39m {}
[38;5;69m[5c4101fc][0m[38;5;173m[Xcode][0m     t =   892.40s Find the "Photo Library" Button
[38;5;69m[5c4101fc][0m[38;5;173m[Xcode][0m     t =   892.41s     Requesting snapshot of accessibility hierarchy for app with pid 5086
[38;5;69m[5c4101fc][0m[38;5;173m[Xcode][0m     t =   892.48s     Find: Descendants matching type Button
[38;5;69m[5c4101fc][0m[38;5;86m[HTTP][0m <-- GET /wd/hub/session/5c4101fc-81f0-4e7e-a799-2a5c98df72bd/element/8B030000-0000-0000-DE13-000000000000/location 200 101 ms - 25 
[38;5;69m[5c4101fc][0m[38;5;86m[HTTP][0m [37m-->[39m [37mPOST[39m [37m/wd/hub/session/5c4101fc-81f0-4e7e-a799-2a5c98df72bd/element/8B030000-0000-0000-DE13-000000000000/click[39m {"id":"8B030000-0000-0000-DE13-000000000000"}
[38;5;69m[5c4101fc][0m[38;5;109m[XCUITestDriver@e07b][0m Driver proxy active, passing request on via HTTP proxy
[38;5;69m[5c4101fc][0m[38;5;173m[Xcode][0m     t =   892.49s     Find: Elements matching predicate 'fb_uid IN {"8B030000-0000-0000-DE13-000000000000"}'
[38;5;69m[5c4101fc][0m[38;5;173m[Xcode][0m     t =   892.49s     Find: Element at index 0
[38;5;69m[5c4101fc][0m[38;5;173m[Xcode][0m     t =   892.51s Find the "Photo Library" Button
[38;5;69m[5c4101fc][0m[38;5;173m[Xcode][0m     t =   892.51s     Requesting snapshot of accessibility hierarchy for app with pid 5086
[38;5;69m[5c4101fc][0m[38;5;173m[Xcode][0m     t =   892.58s     Find: Descendants matching type Button
[38;5;69m[5c4101fc][0m[38;5;173m[Xcode][0m     t =   892.58s     Find: Elements matching predicate 'fb_uid IN {"8B030000-0000-0000-DE13-000000000000"}'
[38;5;69m[5c4101fc][0m[38;5;173m[Xcode][0m     t =   892.59s     Find: Element at index 0
[38;5;69m[5c4101fc][0m[38;5;173m[Xcode][0m     t =   892.60s Tap "Photo Library" Button
[38;5;69m[5c4101fc][0m[38;5;173m[Xcode][0m 2025-02-07 08:25:50.308352+0530 WebDriverAgentRunner-Runner[5085:1369534] Waiting up to 10s until com.eisplc.winfertility is in idle state (including animations)
[38;5;69m[5c4101fc][0m[38;5;173m[Xcode][0m     t =   892.60s     Wait for com.eisplc.winfertility to idle
[38;5;69m[5c4101fc][0m[38;5;173m[Xcode][0m     t =   892.60s     Find the "Photo Library" Button
[38;5;69m[5c4101fc][0m[38;5;173m[Xcode][0m     t =   892.60s         Requesting snapshot of accessibility hierarchy for app with pid 5086
[38;5;69m[5c4101fc][0m[38;5;173m[Xcode][0m     t =   892.67s         Find: Descendants matching type Button
[38;5;69m[5c4101fc][0m[38;5;173m[Xcode][0m     t =   892.68s         Find: Elements matching predicate 'fb_uid IN {"8B030000-0000-0000-DE13-000000000000"}'
[38;5;69m[5c4101fc][0m[38;5;173m[Xcode][0m     t =   892.68s         Find: Element at index 0
[38;5;69m[5c4101fc][0m[38;5;173m[Xcode][0m     t =   892.68s Application is configured to skip UI interruption handling
[38;5;69m[5c4101fc][0m[38;5;173m[Xcode][0m     t =   892.68s     Synthesize event
[38;5;69m[5c4101fc][0m[38;5;109m[XCUITestDriver@e07b][0m Replacing sessionId 6DF50C26-EDAD-4536-AB65-4734112A5F31 with 5c4101fc-81f0-4e7e-a799-2a5c98df72bd
[38;5;69m[5c4101fc][0m[38;5;86m[HTTP][0m <-- POST /wd/hub/session/5c4101fc-81f0-4e7e-a799-2a5c98df72bd/element/8B030000-0000-0000-DE13-000000000000/click 200 498 ms - 65 
[38;5;69m[5c4101fc][0m[38;5;173m[Xcode][0m 2025-02-07 08:25:50.701530+0530 WebDriverAgentRunner-Runner[5085:1369534] Waiting up to 10s until com.eisplc.winfertility is in idle state (including animations)
[38;5;69m[5c4101fc][0m[38;5;173m[Xcode][0m     t =   892.99s     Wait for com.eisplc.winfertility to idle
[38;5;69m[5c4101fc][0m[38;5;86m[HTTP][0m [37m-->[39m [37mPOST[39m [37m/wd/hub/session/5c4101fc-81f0-4e7e-a799-2a5c98df72bd/execute/sync[39m {"script":"mobile: source","args":[{"format":"xml","excludedAttributes":"visible"}]}
[38;5;69m[5c4101fc][0m[38;5;173m[Xcode][0m 2025-02-07 08:25:51.368797+0530 WebDriverAgentRunner-Runner[5085:1369534] The following attributes were requested to be included into the XML: {(
[38;5;69m[5c4101fc][0m[38;5;173m[Xcode][0m     FBTypeAttribute,
[38;5;69m[5c4101fc][0m[38;5;173m[Xcode][0m     FBYAttribute,
[38;5;69m[5c4101fc][0m[38;5;173m[Xcode][0m     FBLabelAttribute,
[38;5;69m[5c4101fc][0m[38;5;173m[Xcode][0m     FBIndexAttribute,
[38;5;69m[5c4101fc][0m[38;5;173m[Xcode][0m     FBXAttribute,
[38;5;69m[5c4101fc][0m[38;5;173m[Xcode][0m     FBNameAttribute,
[38;5;69m[5c4101fc][0m[38;5;173m[Xcode][0m     FBHeightAttribute,
[38;5;69m[5c4101fc][0m[38;5;173m[Xcode][0m     FBAccessibleAttribute,
[38;5;69m[5c4101fc][0m[38;5;173m[Xcode][0m     FBValueAttribute,
[38;5;69m[5c4101fc][0m[38;5;173m[Xcode][0m     FBWidthAttribute,
[38;5;69m[5c4101fc][0m[38;5;173m[Xcode][0m     FBEnabledAttribute
[38;5;69m[5c4101fc][0m[38;5;173m[Xcode][0m )}
[38;5;69m[5c4101fc][0m[38;5;173m[Xcode][0m     t =   893.66s Requesting snapshot of accessibility hierarchy for app with pid 5086
[38;5;69m[5c4101fc][0m[38;5;86m[HTTP][0m <-- POST /wd/hub/session/5c4101fc-81f0-4e7e-a799-2a5c98df72bd/execute/sync 200 1071 ms - 34732 
[38;5;69m[5c4101fc][0m[38;5;86m[HTTP][0m [37m-->[39m [37mGET[39m [37m/wd/hub/session/5c4101fc-81f0-4e7e-a799-2a5c98df72bd/screenshot[39m {}
[38;5;69m[5c4101fc][0m[38;5;86m[HTTP][0m <-- GET /wd/hub/session/5c4101fc-81f0-4e7e-a799-2a5c98df72bd/screenshot 200 413 ms - 4980916 
[38;5;69m[5c4101fc][0m[38;5;86m[HTTP][0m [37m-->[39m [37mGET[39m [37m/wd/hub/session/5c4101fc-81f0-4e7e-a799-2a5c98df72bd/window/rect[39m {}
[38;5;69m[5c4101fc][0m[38;5;173m[Xcode][0m     t =   932.36s Find the Application 'com.eisplc.winfertility'
[38;5;69m[5c4101fc][0m[38;5;173m[Xcode][0m     t =   932.36s     Requesting snapshot of accessibility hierarchy for app with pid 5086
[38;5;69m[5c4101fc][0m[38;5;86m[HTTP][0m <-- GET /wd/hub/session/5c4101fc-81f0-4e7e-a799-2a5c98df72bd/window/rect 200 347 ms - 48 
[38;5;69m[5c4101fc][0m[38;5;86m[HTTP][0m [37m-->[39m [37mPOST[39m [37m/wd/hub/session/5c4101fc-81f0-4e7e-a799-2a5c98df72bd/elements[39m {"using":"xpath","value":"//*[@type = 'XCUIElementTypeButton' and @label = 'Close' and @name = 'Close']"}
[38;5;69m[5c4101fc][0m[38;5;173m[Xcode][0m 2025-02-07 08:26:30.403579+0530 WebDriverAgentRunner-Runner[5085:1369534] The following attributes were requested to be included into the XML: {(
[38;5;69m[5c4101fc][0m[38;5;173m[Xcode][0m     FBNameAttribute,
[38;5;69m[5c4101fc][0m[38;5;173m[Xcode][0m     FBTypeAttribute,
[38;5;69m[5c4101fc][0m[38;5;173m[Xcode][0m     FBLabelAttribute
[38;5;69m[5c4101fc][0m[38;5;173m[Xcode][0m )}
[38;5;69m[5c4101fc][0m[38;5;173m[Xcode][0m     t =   932.69s Requesting snapshot of accessibility hierarchy for app with pid 5086
[38;5;69m[5c4101fc][0m[38;5;173m[Xcode][0m     t =   933.34s Get all elements bound by index for: Elements matching predicate 'fb_uid IN {"39000000-0000-0000-EE13-000000000000", "39000000-0000-0000-EE13-000000000000"}'
[38;5;69m[5c4101fc][0m[38;5;173m[Xcode][0m     t =   933.34s     Requesting snapshot of accessibility hierarchy for app with pid 5086
[38;5;69m[5c4101fc][0m[38;5;173m[Xcode][0m     t =   933.41s     Find: Descendants matching type Button
[38;5;69m[5c4101fc][0m[38;5;173m[Xcode][0m     t =   933.41s     Find: Elements matching predicate 'fb_uid IN {"39000000-0000-0000-EE13-000000000000", "39000000-0000-0000-EE13-000000000000"}'
[38;5;69m[5c4101fc][0m[38;5;173m[Xcode][0m     t =   933.42s Find the Button (Element at index 0)
[38;5;69m[5c4101fc][0m[38;5;173m[Xcode][0m     t =   933.42s     Requesting snapshot of accessibility hierarchy for app with pid 5086
[38;5;69m[5c4101fc][0m[38;5;86m[HTTP][0m <-- POST /wd/hub/session/5c4101fc-81f0-4e7e-a799-2a5c98df72bd/elements 200 805 ms - 139 
[38;5;69m[5c4101fc][0m[38;5;86m[HTTP][0m [37m-->[39m [37mGET[39m [37m/wd/hub/session/5c4101fc-81f0-4e7e-a799-2a5c98df72bd/element/39000000-0000-0000-EE13-000000000000/location[39m {}
[38;5;69m[5c4101fc][0m[38;5;173m[Xcode][0m     t =   933.48s     Find: Descendants matching type Button
[38;5;69m[5c4101fc][0m[38;5;173m[Xcode][0m     t =   933.48s     Find: Elements matching predicate 'fb_uid IN {"39000000-0000-0000-EE13-000000000000", "39000000-0000-0000-EE13-000000000000"}'
[38;5;69m[5c4101fc][0m[38;5;173m[Xcode][0m     t =   933.48s     Find: Element at index 0
[38;5;69m[5c4101fc][0m[38;5;173m[Xcode][0m     t =   933.50s Find the "Close" Button
[38;5;69m[5c4101fc][0m[38;5;173m[Xcode][0m     t =   933.50s     Requesting snapshot of accessibility hierarchy for app with pid 5086
[38;5;69m[5c4101fc][0m[38;5;86m[HTTP][0m <-- GET /wd/hub/session/5c4101fc-81f0-4e7e-a799-2a5c98df72bd/element/39000000-0000-0000-EE13-000000000000/location 200 84 ms - 27 
[38;5;69m[5c4101fc][0m[38;5;86m[HTTP][0m [37m-->[39m [37mPOST[39m [37m/wd/hub/session/5c4101fc-81f0-4e7e-a799-2a5c98df72bd/element/39000000-0000-0000-EE13-000000000000/click[39m {"id":"39000000-0000-0000-EE13-000000000000"}
[38;5;69m[5c4101fc][0m[38;5;109m[XCUITestDriver@e07b][0m Driver proxy active, passing request on via HTTP proxy
[38;5;69m[5c4101fc][0m[38;5;173m[Xcode][0m     t =   933.57s     Find: Descendants matching type Button
[38;5;69m[5c4101fc][0m[38;5;173m[Xcode][0m     t =   933.57s     Find: Elements matching predicate 'fb_uid IN {"39000000-0000-0000-EE13-000000000000", "39000000-0000-0000-EE13-000000000000"}'
[38;5;69m[5c4101fc][0m[38;5;173m[Xcode][0m     t =   933.57s     Find: Element at index 0
[38;5;69m[5c4101fc][0m[38;5;173m[Xcode][0m     t =   933.59s Find the "Close" Button
[38;5;69m[5c4101fc][0m[38;5;173m[Xcode][0m     t =   933.59s     Requesting snapshot of accessibility hierarchy for app with pid 5086
[38;5;69m[5c4101fc][0m[38;5;173m[Xcode][0m     t =   933.66s     Find: Descendants matching type Button
[38;5;69m[5c4101fc][0m[38;5;173m[Xcode][0m     t =   933.66s     Find: Elements matching predicate 'fb_uid IN {"39000000-0000-0000-EE13-000000000000", "39000000-0000-0000-EE13-000000000000"}'
[38;5;69m[5c4101fc][0m[38;5;173m[Xcode][0m     t =   933.66s     Find: Element at index 0
[38;5;69m[5c4101fc][0m[38;5;173m[Xcode][0m     t =   933.67s Tap "Close" Button
[38;5;69m[5c4101fc][0m[38;5;173m[Xcode][0m 2025-02-07 08:26:31.380380+0530 WebDriverAgentRunner-Runner[5085:1369534] Waiting up to 10s until com.eisplc.winfertility is in idle state (including animations)
[38;5;69m[5c4101fc][0m[38;5;173m[Xcode][0m     t =   933.67s     Wait for com.eisplc.winfertility to idle
[38;5;69m[5c4101fc][0m[38;5;173m[Xcode][0m     t =   933.67s     Find the "Close" Button
[38;5;69m[5c4101fc][0m[38;5;173m[Xcode][0m     t =   933.67s         Requesting snapshot of accessibility hierarchy for app with pid 5086
[38;5;69m[5c4101fc][0m[38;5;173m[Xcode][0m     t =   933.74s         Find: Descendants matching type Button
[38;5;69m[5c4101fc][0m[38;5;173m[Xcode][0m     t =   933.74s         Find: Elements matching predicate 'fb_uid IN {"39000000-0000-0000-EE13-000000000000", "39000000-0000-0000-EE13-000000000000"}'
[38;5;69m[5c4101fc][0m[38;5;173m[Xcode][0m     t =   933.74s         Find: Element at index 0
[38;5;69m[5c4101fc][0m[38;5;173m[Xcode][0m     t =   933.75s Application is configured to skip UI interruption handling
[38;5;69m[5c4101fc][0m[38;5;173m[Xcode][0m     t =   933.75s     Synthesize event
[38;5;69m[5c4101fc][0m[38;5;173m[Xcode][0m 2025-02-07 08:26:31.771108+0530 WebDriverAgentRunner-Runner[5085:1369534] Waiting up to 10s until com.eisplc.winfertility is in idle state (including animations)
[38;5;69m[5c4101fc][0m[38;5;173m[Xcode][0m     t =   934.06s     Wait for com.eisplc.winfertility to idle
[38;5;69m[5c4101fc][0m[38;5;109m[XCUITestDriver@e07b][0m Replacing sessionId 6DF50C26-EDAD-4536-AB65-4734112A5F31 with 5c4101fc-81f0-4e7e-a799-2a5c98df72bd
[38;5;69m[5c4101fc][0m[38;5;86m[HTTP][0m <-- POST /wd/hub/session/5c4101fc-81f0-4e7e-a799-2a5c98df72bd/element/39000000-0000-0000-EE13-000000000000/click 200 492 ms - 65 
[38;5;69m[5c4101fc][0m[38;5;86m[HTTP][0m [37m-->[39m [37mPOST[39m [37m/wd/hub/session/5c4101fc-81f0-4e7e-a799-2a5c98df72bd/execute/sync[39m {"script":"mobile: source","args":[{"format":"xml","excludedAttributes":"visible"}]}
[38;5;69m[5c4101fc][0m[38;5;173m[Xcode][0m 2025-02-07 08:26:32.716360+0530 WebDriverAgentRunner-Runner[5085:1369534] The following attributes were requested to be included into the XML: {(
[38;5;69m[5c4101fc][0m[38;5;173m[Xcode][0m     FBTypeAttribute,
[38;5;69m[5c4101fc][0m[38;5;173m[Xcode][0m     FBYAttribute,
[38;5;69m[5c4101fc][0m[38;5;173m[Xcode][0m     FBLabelAttribute,
[38;5;69m[5c4101fc][0m[38;5;173m[Xcode][0m     FBIndexAttribute,
[38;5;69m[5c4101fc][0m[38;5;173m[Xcode][0m     FBXAttribute,
[38;5;69m[5c4101fc][0m[38;5;173m[Xcode][0m     FBNameAttribute,
[38;5;69m[5c4101fc][0m[38;5;173m[Xcode][0m     FBHeightAttribute,
[38;5;69m[5c4101fc][0m[38;5;173m[Xcode][0m     FBAccessibleAttribute,
[38;5;69m[5c4101fc][0m[38;5;173m[Xcode][0m     FBValueAttribute,
[38;5;69m[5c4101fc][0m[38;5;173m[Xcode][0m     FBWidthAttribute,
[38;5;69m[5c4101fc][0m[38;5;173m[Xcode][0m     FBEnabledAttribute
[38;5;69m[5c4101fc][0m[38;5;173m[Xcode][0m )}
[38;5;69m[5c4101fc][0m[38;5;173m[Xcode][0m     t =   935.01s Requesting snapshot of accessibility hierarchy for app with pid 5086
[38;5;69m[5c4101fc][0m[38;5;86m[HTTP][0m <-- POST /wd/hub/session/5c4101fc-81f0-4e7e-a799-2a5c98df72bd/execute/sync 200 1790 ms - 39237 
[38;5;69m[5c4101fc][0m[38;5;86m[HTTP][0m [37m-->[39m [37mGET[39m [37m/wd/hub/session/5c4101fc-81f0-4e7e-a799-2a5c98df72bd/screenshot[39m {}
[38;5;69m[5c4101fc][0m[38;5;86m[HTTP][0m <-- GET /wd/hub/session/5c4101fc-81f0-4e7e-a799-2a5c98df72bd/screenshot 200 484 ms - 6512364 
[38;5;69m[5c4101fc][0m[38;5;86m[HTTP][0m [37m-->[39m [37mGET[39m [37m/wd/hub/session/5c4101fc-81f0-4e7e-a799-2a5c98df72bd/window/rect[39m {}
[38;5;69m[5c4101fc][0m[38;5;173m[Xcode][0m     t =   951.70s Find the Application 'com.eisplc.winfertility'
[38;5;69m[5c4101fc][0m[38;5;173m[Xcode][0m     t =   951.71s     Requesting snapshot of accessibility hierarchy for app with pid 5086
[38;5;69m[5c4101fc][0m[38;5;86m[HTTP][0m <-- GET /wd/hub/session/5c4101fc-81f0-4e7e-a799-2a5c98df72bd/window/rect 200 291 ms - 48 
[38;5;69m[5c4101fc][0m[38;5;86m[HTTP][0m [37m-->[39m [37mPOST[39m [37m/wd/hub/session/5c4101fc-81f0-4e7e-a799-2a5c98df72bd/elements[39m {"using":"xpath","value":"//*[@type = 'XCUIElementTypeImage' and @label = 'Screenshot, 07 February, 8:13 AM' and @name = 'PXGGridLayout-Info']"}
[38;5;69m[5c4101fc][0m[38;5;173m[Xcode][0m 2025-02-07 08:26:49.700047+0530 WebDriverAgentRunner-Runner[5085:1369534] The following attributes were requested to be included into the XML: {(
[38;5;69m[5c4101fc][0m[38;5;173m[Xcode][0m     FBNameAttribute,
[38;5;69m[5c4101fc][0m[38;5;173m[Xcode][0m     FBTypeAttribute,
[38;5;69m[5c4101fc][0m[38;5;173m[Xcode][0m     FBLabelAttribute
[38;5;69m[5c4101fc][0m[38;5;173m[Xcode][0m )}
[38;5;69m[5c4101fc][0m[38;5;173m[Xcode][0m     t =   951.99s Requesting snapshot of accessibility hierarchy for app with pid 5086
[38;5;69m[5c4101fc][0m[38;5;86m[HTTP][0m <-- POST /wd/hub/session/5c4101fc-81f0-4e7e-a799-2a5c98df72bd/elements 200 781 ms - 139 
[38;5;69m[5c4101fc][0m[38;5;86m[HTTP][0m [37m-->[39m [37mGET[39m [37m/wd/hub/session/5c4101fc-81f0-4e7e-a799-2a5c98df72bd/element/63000000-0000-0000-EE13-000000000000/location[39m {}
[38;5;69m[5c4101fc][0m[38;5;86m[HTTP][0m <-- GET /wd/hub/session/5c4101fc-81f0-4e7e-a799-2a5c98df72bd/element/63000000-0000-0000-EE13-000000000000/location 200 88 ms - 25 
[38;5;69m[5c4101fc][0m[38;5;86m[HTTP][0m [37m-->[39m [37mPOST[39m [37m/wd/hub/session/5c4101fc-81f0-4e7e-a799-2a5c98df72bd/element/63000000-0000-0000-EE13-000000000000/click[39m {"id":"63000000-0000-0000-EE13-000000000000"}
[38;5;69m[5c4101fc][0m[38;5;109m[XCUITestDriver@e07b][0m Driver proxy active, passing request on via HTTP proxy
[38;5;69m[5c4101fc][0m[38;5;173m[Xcode][0m     t =   952.61s Get all elements bound by index for: Elements matching predicate 'fb_uid IN {"63000000-0000-0000-EE13-000000000000"}'
[38;5;69m[5c4101fc][0m[38;5;173m[Xcode][0m     t =   952.61s     Requesting snapshot of accessibility hierarchy for app with pid 5086
[38;5;69m[5c4101fc][0m[38;5;173m[Xcode][0m     t =   952.68s     Find: Descendants matching type Image
[38;5;69m[5c4101fc][0m[38;5;173m[Xcode][0m     t =   952.68s     Find: Elements matching predicate 'fb_uid IN {"63000000-0000-0000-EE13-000000000000"}'
[38;5;69m[5c4101fc][0m[38;5;173m[Xcode][0m     t =   952.69s Find the Image (Element at index 0)
[38;5;69m[5c4101fc][0m[38;5;173m[Xcode][0m     t =   952.69s     Requesting snapshot of accessibility hierarchy for app with pid 5086
[38;5;69m[5c4101fc][0m[38;5;173m[Xcode][0m     t =   952.75s     Find: Descendants matching type Image
[38;5;69m[5c4101fc][0m[38;5;173m[Xcode][0m     t =   952.75s     Find: Elements matching predicate 'fb_uid IN {"63000000-0000-0000-EE13-000000000000"}'
[38;5;69m[5c4101fc][0m[38;5;173m[Xcode][0m     t =   952.75s     Find: Element at index 0
[38;5;69m[5c4101fc][0m[38;5;173m[Xcode][0m     t =   952.77s Find the "PXGGridLayout-Info" Image
[38;5;69m[5c4101fc][0m[38;5;173m[Xcode][0m     t =   952.78s     Requesting snapshot of accessibility hierarchy for app with pid 5086
[38;5;69m[5c4101fc][0m[38;5;173m[Xcode][0m     t =   952.84s     Find: Descendants matching type Image
[38;5;69m[5c4101fc][0m[38;5;173m[Xcode][0m     t =   952.84s     Find: Elements matching predicate 'fb_uid IN {"63000000-0000-0000-EE13-000000000000"}'
[38;5;69m[5c4101fc][0m[38;5;173m[Xcode][0m     t =   952.84s     Find: Element at index 0
[38;5;69m[5c4101fc][0m[38;5;173m[Xcode][0m     t =   952.86s Find the "PXGGridLayout-Info" Image
[38;5;69m[5c4101fc][0m[38;5;173m[Xcode][0m     t =   952.87s     Requesting snapshot of accessibility hierarchy for app with pid 5086
[38;5;69m[5c4101fc][0m[38;5;173m[Xcode][0m     t =   952.94s     Find: Descendants matching type Image
[38;5;69m[5c4101fc][0m[38;5;173m[Xcode][0m     t =   952.94s     Find: Elements matching predicate 'fb_uid IN {"63000000-0000-0000-EE13-000000000000"}'
[38;5;69m[5c4101fc][0m[38;5;173m[Xcode][0m     t =   952.94s     Find: Element at index 0
[38;5;69m[5c4101fc][0m[38;5;173m[Xcode][0m     t =   952.95s Tap "PXGGridLayout-Info" Image
[38;5;69m[5c4101fc][0m[38;5;173m[Xcode][0m 2025-02-07 08:26:50.660529+0530 WebDriverAgentRunner-Runner[5085:1369534] Waiting up to 10s until com.eisplc.winfertility is in idle state (including animations)
[38;5;69m[5c4101fc][0m[38;5;173m[Xcode][0m     t =   952.95s     Wait for com.eisplc.winfertility to idle
[38;5;69m[5c4101fc][0m[38;5;173m[Xcode][0m     t =   952.95s     Find the "PXGGridLayout-Info" Image
[38;5;69m[5c4101fc][0m[38;5;173m[Xcode][0m     t =   952.95s         Requesting snapshot of accessibility hierarchy for app with pid 5086
[38;5;69m[5c4101fc][0m[38;5;173m[Xcode][0m     t =   953.02s         Find: Descendants matching type Image
[38;5;69m[5c4101fc][0m[38;5;173m[Xcode][0m     t =   953.02s         Find: Elements matching predicate 'fb_uid IN {"63000000-0000-0000-EE13-000000000000"}'
[38;5;69m[5c4101fc][0m[38;5;173m[Xcode][0m     t =   953.03s         Find: Element at index 0
[38;5;69m[5c4101fc][0m[38;5;173m[Xcode][0m     t =   953.03s Application is configured to skip UI interruption handling
[38;5;69m[5c4101fc][0m[38;5;173m[Xcode][0m     t =   953.03s     Synthesize event
[38;5;69m[5c4101fc][0m[38;5;173m[Xcode][0m 2025-02-07 08:26:51.041731+0530 WebDriverAgentRunner-Runner[5085:1369534] Waiting up to 10s until com.eisplc.winfertility is in idle state (including animations)
[38;5;69m[5c4101fc][0m[38;5;109m[XCUITestDriver@e07b][0m Replacing sessionId 6DF50C26-EDAD-4536-AB65-4734112A5F31 with 5c4101fc-81f0-4e7e-a799-2a5c98df72bd
[38;5;69m[5c4101fc][0m[38;5;86m[HTTP][0m <-- POST /wd/hub/session/5c4101fc-81f0-4e7e-a799-2a5c98df72bd/element/63000000-0000-0000-EE13-000000000000/click 200 499 ms - 65 
[38;5;69m[5c4101fc][0m[38;5;173m[Xcode][0m     t =   953.33s     Wait for com.eisplc.winfertility to idle
[38;5;69m[5c4101fc][0m[38;5;86m[HTTP][0m [37m-->[39m [37mPOST[39m [37m/wd/hub/session/5c4101fc-81f0-4e7e-a799-2a5c98df72bd/execute/sync[39m {"script":"mobile: source","args":[{"format":"xml","excludedAttributes":"visible"}]}
[38;5;69m[5c4101fc][0m[38;5;173m[Xcode][0m 2025-02-07 08:26:51.802918+0530 WebDriverAgentRunner-Runner[5085:1369534] The following attributes were requested to be included into the XML: {(
[38;5;69m[5c4101fc][0m[38;5;173m[Xcode][0m     FBTypeAttribute,
[38;5;69m[5c4101fc][0m[38;5;173m[Xcode][0m     FBYAttribute,
[38;5;69m[5c4101fc][0m[38;5;173m[Xcode][0m     FBLabelAttribute,
[38;5;69m[5c4101fc][0m[38;5;173m[Xcode][0m     FBIndexAttribute,
[38;5;69m[5c4101fc][0m[38;5;173m[Xcode][0m     FBXAttribute,
[38;5;69m[5c4101fc][0m[38;5;173m[Xcode][0m     FBNameAttribute,
[38;5;69m[5c4101fc][0m[38;5;173m[Xcode][0m     FBHeightAttribute,
[38;5;69m[5c4101fc][0m[38;5;173m[Xcode][0m     FBAccessibleAttribute,
[38;5;69m[5c4101fc][0m[38;5;173m[Xcode][0m     FBValueAttribute,
[38;5;69m[5c4101fc][0m[38;5;173m[Xcode][0m     FBWidthAttribute,
[38;5;69m[5c4101fc][0m[38;5;173m[Xcode][0m     FBEnabledAttribute
[38;5;69m[5c4101fc][0m[38;5;173m[Xcode][0m )}
[38;5;69m[5c4101fc][0m[38;5;173m[Xcode][0m     t =   954.10s Requesting snapshot of accessibility hierarchy for app with pid 5086
[38;5;69m[5c4101fc][0m[38;5;86m[HTTP][0m <-- POST /wd/hub/session/5c4101fc-81f0-4e7e-a799-2a5c98df72bd/execute/sync 200 983 ms - 13274 
[38;5;69m[5c4101fc][0m[38;5;86m[HTTP][0m [37m-->[39m [37mGET[39m [37m/wd/hub/session/5c4101fc-81f0-4e7e-a799-2a5c98df72bd/screenshot[39m {}
[38;5;69m[5c4101fc][0m[38;5;86m[HTTP][0m <-- GET /wd/hub/session/5c4101fc-81f0-4e7e-a799-2a5c98df72bd/screenshot 200 185 ms - 568728 
[38;5;69m[5c4101fc][0m[38;5;86m[HTTP][0m [37m-->[39m [37mGET[39m [37m/wd/hub/session/5c4101fc-81f0-4e7e-a799-2a5c98df72bd/screenshot[39m {}
[38;5;69m[5c4101fc][0m[38;5;86m[HTTP][0m <-- GET /wd/hub/session/5c4101fc-81f0-4e7e-a799-2a5c98df72bd/screenshot 200 197 ms - 285320 
[38;5;69m[5c4101fc][0m[38;5;86m[HTTP][0m [37m-->[39m [37mPOST[39m [37m/wd/hub/session/5c4101fc-81f0-4e7e-a799-2a5c98df72bd/execute/sync[39m {"script":"mobile: source","args":[{"format":"xml","excludedAttributes":"visible"}]}
[38;5;69m[5c4101fc][0m[38;5;173m[Xcode][0m 2025-02-07 08:27:37.332175+0530 WebDriverAgentRunner-Runner[5085:1369534] The following attributes were requested to be included into the XML: {(
[38;5;69m[5c4101fc][0m[38;5;173m[Xcode][0m     FBTypeAttribute,
[38;5;69m[5c4101fc][0m[38;5;173m[Xcode][0m     FBYAttribute,
[38;5;69m[5c4101fc][0m[38;5;173m[Xcode][0m     FBLabelAttribute,
[38;5;69m[5c4101fc][0m[38;5;173m[Xcode][0m     FBIndexAttribute,
[38;5;69m[5c4101fc][0m[38;5;173m[Xcode][0m     FBXAttribute,
[38;5;69m[5c4101fc][0m[38;5;173m[Xcode][0m     FBNameAttribute,
[38;5;69m[5c4101fc][0m[38;5;173m[Xcode][0m     FBHeightAttribute,
[38;5;69m[5c4101fc][0m[38;5;173m[Xcode][0m     FBAccessibleAttribute,
[38;5;69m[5c4101fc][0m[38;5;173m[Xcode][0m     FBValueAttribute,
[38;5;69m[5c4101fc][0m[38;5;173m[Xcode][0m     FBWidthAttribute,
[38;5;69m[5c4101fc][0m[38;5;173m[Xcode][0m     FBEnabledAttribute
[38;5;69m[5c4101fc][0m[38;5;173m[Xcode][0m )}
[38;5;69m[5c4101fc][0m[38;5;173m[Xcode][0m     t =   999.62s Requesting snapshot of accessibility hierarchy for app with pid 5086
[38;5;69m[5c4101fc][0m[38;5;86m[HTTP][0m <-- POST /wd/hub/session/5c4101fc-81f0-4e7e-a799-2a5c98df72bd/execute/sync 200 1014 ms - 13574 
[38;5;69m[5c4101fc][0m[38;5;86m[HTTP][0m [37m-->[39m [37mGET[39m [37m/wd/hub/session/5c4101fc-81f0-4e7e-a799-2a5c98df72bd/screenshot[39m {}
[38;5;69m[5c4101fc][0m[38;5;86m[HTTP][0m <-- GET /wd/hub/session/5c4101fc-81f0-4e7e-a799-2a5c98df72bd/screenshot 200 159 ms - 285320 
[38;5;69m[5c4101fc][0m[38;5;86m[HTTP][0m [37m-->[39m [37mGET[39m [37m/wd/hub/session/5c4101fc-81f0-4e7e-a799-2a5c98df72bd/window/rect[39m {}
[38;5;69m[5c4101fc][0m[38;5;173m[Xcode][0m     t =  1020.27s Find the Application 'com.eisplc.winfertility'
[38;5;69m[5c4101fc][0m[38;5;173m[Xcode][0m     t =  1020.27s     Requesting snapshot of accessibility hierarchy for app with pid 5086
[38;5;69m[5c4101fc][0m[38;5;86m[HTTP][0m <-- GET /wd/hub/session/5c4101fc-81f0-4e7e-a799-2a5c98df72bd/window/rect 200 154 ms - 48 
[38;5;69m[5c4101fc][0m[38;5;86m[HTTP][0m [37m-->[39m [37mPOST[39m [37m/wd/hub/session/5c4101fc-81f0-4e7e-a799-2a5c98df72bd/elements[39m {"using":"xpath","value":"//*[@type = 'XCUIElementTypeButton' and @label = 'Select Document(s)' and @name = 'Select Document(s)']"}
[38;5;69m[5c4101fc][0m[38;5;173m[Xcode][0m 2025-02-07 08:27:58.128460+0530 WebDriverAgentRunner-Runner[5085:1369534] The following attributes were requested to be included into the XML: {(
[38;5;69m[5c4101fc][0m[38;5;173m[Xcode][0m     FBNameAttribute,
[38;5;69m[5c4101fc][0m[38;5;173m[Xcode][0m     FBTypeAttribute,
[38;5;69m[5c4101fc][0m[38;5;173m[Xcode][0m     FBLabelAttribute
[38;5;69m[5c4101fc][0m[38;5;173m[Xcode][0m )}
[38;5;69m[5c4101fc][0m[38;5;173m[Xcode][0m     t =  1020.42s Requesting snapshot of accessibility hierarchy for app with pid 5086
[38;5;69m[5c4101fc][0m[38;5;173m[Xcode][0m     t =  1020.87s Get all elements bound by index for: Elements matching predicate 'fb_uid IN {"35020000-0000-0000-DE13-000000000000"}'
[38;5;69m[5c4101fc][0m[38;5;173m[Xcode][0m     t =  1020.88s     Requesting snapshot of accessibility hierarchy for app with pid 5086
[38;5;69m[5c4101fc][0m[38;5;173m[Xcode][0m     t =  1020.93s     Find: Descendants matching type Button
[38;5;69m[5c4101fc][0m[38;5;173m[Xcode][0m     t =  1020.94s     Find: Elements matching predicate 'fb_uid IN {"35020000-0000-0000-DE13-000000000000"}'
[38;5;69m[5c4101fc][0m[38;5;173m[Xcode][0m     t =  1020.94s Find the Button (Element at index 0)
[38;5;69m[5c4101fc][0m[38;5;173m[Xcode][0m     t =  1020.94s     Requesting snapshot of accessibility hierarchy for app with pid 5086
[38;5;69m[5c4101fc][0m[38;5;173m[Xcode][0m     t =  1020.98s     Find: Descendants matching type Button
[38;5;69m[5c4101fc][0m[38;5;173m[Xcode][0m     t =  1020.98s     Find: Elements matching predicate 'fb_uid IN {"35020000-0000-0000-DE13-000000000000"}'
[38;5;69m[5c4101fc][0m[38;5;173m[Xcode][0m     t =  1020.99s     Find: Element at index 0
[38;5;69m[5c4101fc][0m[38;5;86m[HTTP][0m <-- POST /wd/hub/session/5c4101fc-81f0-4e7e-a799-2a5c98df72bd/elements 200 592 ms - 139 
[38;5;69m[5c4101fc][0m[38;5;86m[HTTP][0m [37m-->[39m [37mGET[39m [37m/wd/hub/session/5c4101fc-81f0-4e7e-a799-2a5c98df72bd/element/35020000-0000-0000-DE13-000000000000/location[39m {}
[38;5;69m[5c4101fc][0m[38;5;173m[Xcode][0m     t =  1021.01s Find the "Select Document(s)" Button
[38;5;69m[5c4101fc][0m[38;5;173m[Xcode][0m     t =  1021.01s     Requesting snapshot of accessibility hierarchy for app with pid 5086
[38;5;69m[5c4101fc][0m[38;5;173m[Xcode][0m     t =  1021.06s     Find: Descendants matching type Button
[38;5;69m[5c4101fc][0m[38;5;86m[HTTP][0m <-- GET /wd/hub/session/5c4101fc-81f0-4e7e-a799-2a5c98df72bd/element/35020000-0000-0000-DE13-000000000000/location 200 71 ms - 27 
[38;5;69m[5c4101fc][0m[38;5;173m[Xcode][0m     t =  1021.06s     Find: Elements matching predicate 'fb_uid IN {"35020000-0000-0000-DE13-000000000000"}'
[38;5;69m[5c4101fc][0m[38;5;173m[Xcode][0m     t =  1021.06s     Find: Element at index 0
[38;5;69m[5c4101fc][0m[38;5;86m[HTTP][0m [37m-->[39m [37mPOST[39m [37m/wd/hub/session/5c4101fc-81f0-4e7e-a799-2a5c98df72bd/element/35020000-0000-0000-DE13-000000000000/click[39m {"id":"35020000-0000-0000-DE13-000000000000"}
[38;5;69m[5c4101fc][0m[38;5;109m[XCUITestDriver@e07b][0m Driver proxy active, passing request on via HTTP proxy
[38;5;69m[5c4101fc][0m[38;5;173m[Xcode][0m     t =  1021.09s Find the "Select Document(s)" Button
[38;5;69m[5c4101fc][0m[38;5;173m[Xcode][0m     t =  1021.09s     Requesting snapshot of accessibility hierarchy for app with pid 5086
[38;5;69m[5c4101fc][0m[38;5;173m[Xcode][0m     t =  1021.13s     Find: Descendants matching type Button
[38;5;69m[5c4101fc][0m[38;5;173m[Xcode][0m     t =  1021.13s     Find: Elements matching predicate 'fb_uid IN {"35020000-0000-0000-DE13-000000000000"}'
[38;5;69m[5c4101fc][0m[38;5;173m[Xcode][0m     t =  1021.14s     Find: Element at index 0
[38;5;69m[5c4101fc][0m[38;5;173m[Xcode][0m     t =  1021.15s Tap "Select Document(s)" Button
[38;5;69m[5c4101fc][0m[38;5;173m[Xcode][0m 2025-02-07 08:27:58.862196+0530 WebDriverAgentRunner-Runner[5085:1369534] Waiting up to 10s until com.eisplc.winfertility is in idle state (including animations)
[38;5;69m[5c4101fc][0m[38;5;173m[Xcode][0m     t =  1021.15s     Wait for com.eisplc.winfertility to idle
[38;5;69m[5c4101fc][0m[38;5;173m[Xcode][0m     t =  1021.16s     Find the "Select Document(s)" Button
[38;5;69m[5c4101fc][0m[38;5;173m[Xcode][0m     t =  1021.16s         Requesting snapshot of accessibility hierarchy for app with pid 5086
[38;5;69m[5c4101fc][0m[38;5;173m[Xcode][0m     t =  1021.21s         Find: Descendants matching type Button
[38;5;69m[5c4101fc][0m[38;5;173m[Xcode][0m     t =  1021.21s         Find: Elements matching predicate 'fb_uid IN {"35020000-0000-0000-DE13-000000000000"}'
[38;5;69m[5c4101fc][0m[38;5;173m[Xcode][0m     t =  1021.21s         Find: Element at index 0
[38;5;69m[5c4101fc][0m[38;5;173m[Xcode][0m     t =  1021.21s Application is configured to skip UI interruption handling
[38;5;69m[5c4101fc][0m[38;5;173m[Xcode][0m     t =  1021.21s     Synthesize event
[38;5;69m[5c4101fc][0m[38;5;173m[Xcode][0m 2025-02-07 08:27:59.264120+0530 WebDriverAgentRunner-Runner[5085:1369534] Waiting up to 10s until com.eisplc.winfertility is in idle state (including animations)
[38;5;69m[5c4101fc][0m[38;5;109m[XCUITestDriver@e07b][0m Replacing sessionId 6DF50C26-EDAD-4536-AB65-4734112A5F31 with 5c4101fc-81f0-4e7e-a799-2a5c98df72bd
[38;5;69m[5c4101fc][0m[38;5;86m[HTTP][0m <-- POST /wd/hub/session/5c4101fc-81f0-4e7e-a799-2a5c98df72bd/element/35020000-0000-0000-DE13-000000000000/click 200 481 ms - 65 
[38;5;69m[5c4101fc][0m[38;5;173m[Xcode][0m     t =  1021.55s     Wait for com.eisplc.winfertility to idle
[38;5;69m[5c4101fc][0m[38;5;86m[HTTP][0m [37m-->[39m [37mPOST[39m [37m/wd/hub/session/5c4101fc-81f0-4e7e-a799-2a5c98df72bd/execute/sync[39m {"script":"mobile: source","args":[{"format":"xml","excludedAttributes":"visible"}]}
[38;5;69m[5c4101fc][0m[38;5;173m[Xcode][0m 2025-02-07 08:28:00.259669+0530 WebDriverAgentRunner-Runner[5085:1369534] The following attributes were requested to be included into the XML: {(
[38;5;69m[5c4101fc][0m[38;5;173m[Xcode][0m     FBTypeAttribute,
[38;5;69m[5c4101fc][0m[38;5;173m[Xcode][0m     FBYAttribute,
[38;5;69m[5c4101fc][0m[38;5;173m[Xcode][0m     FBLabelAttribute,
[38;5;69m[5c4101fc][0m[38;5;173m[Xcode][0m     FBIndexAttribute,
[38;5;69m[5c4101fc][0m[38;5;173m[Xcode][0m     FBXAttribute,
[38;5;69m[5c4101fc][0m[38;5;173m[Xcode][0m     FBNameAttribute,
[38;5;69m[5c4101fc][0m[38;5;173m[Xcode][0m     FBHeightAttribute,
[38;5;69m[5c4101fc][0m[38;5;173m[Xcode][0m     FBAccessibleAttribute,
[38;5;69m[5c4101fc][0m[38;5;173m[Xcode][0m     FBValueAttribute,
[38;5;69m[5c4101fc][0m[38;5;173m[Xcode][0m     FBWidthAttribute,
[38;5;69m[5c4101fc][0m[38;5;173m[Xcode][0m     FBEnabledAttribute
[38;5;69m[5c4101fc][0m[38;5;173m[Xcode][0m )}
[38;5;69m[5c4101fc][0m[38;5;173m[Xcode][0m     t =  1022.55s Requesting snapshot of accessibility hierarchy for app with pid 5086
[38;5;69m[5c4101fc][0m[38;5;86m[HTTP][0m <-- POST /wd/hub/session/5c4101fc-81f0-4e7e-a799-2a5c98df72bd/execute/sync 200 1471 ms - 45231 
[38;5;69m[5c4101fc][0m[38;5;86m[HTTP][0m [37m-->[39m [37mGET[39m [37m/wd/hub/session/5c4101fc-81f0-4e7e-a799-2a5c98df72bd/screenshot[39m {}
[38;5;69m[5c4101fc][0m[38;5;86m[HTTP][0m <-- GET /wd/hub/session/5c4101fc-81f0-4e7e-a799-2a5c98df72bd/screenshot 200 180 ms - 1500208 
[38;5;69m[5c4101fc][0m[38;5;86m[HTTP][0m [37m-->[39m [37mGET[39m [37m/wd/hub/session/5c4101fc-81f0-4e7e-a799-2a5c98df72bd/window/rect[39m {}
[38;5;69m[5c4101fc][0m[38;5;173m[Xcode][0m     t =  1060.40s Find the Application 'com.eisplc.winfertility'
[38;5;69m[5c4101fc][0m[38;5;173m[Xcode][0m     t =  1060.40s     Requesting snapshot of accessibility hierarchy for app with pid 5086
[38;5;69m[5c4101fc][0m[38;5;86m[HTTP][0m <-- GET /wd/hub/session/5c4101fc-81f0-4e7e-a799-2a5c98df72bd/window/rect 200 315 ms - 48 
[38;5;69m[5c4101fc][0m[38;5;86m[HTTP][0m [37m-->[39m [37mPOST[39m [37m/wd/hub/session/5c4101fc-81f0-4e7e-a799-2a5c98df72bd/elements[39m {"using":"xpath","value":"//*[@type = 'XCUIElementTypeCollectionView' and @name = 'File View' and @value = 'Icon Mode']"}
[38;5;69m[5c4101fc][0m[38;5;173m[Xcode][0m 2025-02-07 08:28:38.413308+0530 WebDriverAgentRunner-Runner[5085:1369534] The following attributes were requested to be included into the XML: {(
[38;5;69m[5c4101fc][0m[38;5;173m[Xcode][0m     FBNameAttribute,
[38;5;69m[5c4101fc][0m[38;5;173m[Xcode][0m     FBTypeAttribute,
[38;5;69m[5c4101fc][0m[38;5;173m[Xcode][0m     FBValueAttribute
[38;5;69m[5c4101fc][0m[38;5;173m[Xcode][0m )}
[38;5;69m[5c4101fc][0m[38;5;173m[Xcode][0m     t =  1060.70s Requesting snapshot of accessibility hierarchy for app with pid 5086
[38;5;69m[5c4101fc][0m[38;5;86m[HTTP][0m <-- POST /wd/hub/session/5c4101fc-81f0-4e7e-a799-2a5c98df72bd/elements 200 992 ms - 139 
[38;5;69m[5c4101fc][0m[38;5;86m[HTTP][0m [37m-->[39m [37mGET[39m [37m/wd/hub/session/5c4101fc-81f0-4e7e-a799-2a5c98df72bd/element/23000000-0000-0000-F013-000000000000/location[39m {}
[38;5;69m[5c4101fc][0m[38;5;86m[HTTP][0m <-- GET /wd/hub/session/5c4101fc-81f0-4e7e-a799-2a5c98df72bd/element/23000000-0000-0000-F013-000000000000/location 200 171 ms - 24 
[38;5;69m[5c4101fc][0m[38;5;86m[HTTP][0m [37m-->[39m [37mPOST[39m [37m/wd/hub/session/5c4101fc-81f0-4e7e-a799-2a5c98df72bd/element/23000000-0000-0000-F013-000000000000/click[39m {"id":"23000000-0000-0000-F013-000000000000"}
[38;5;69m[5c4101fc][0m[38;5;109m[XCUITestDriver@e07b][0m Driver proxy active, passing request on via HTTP proxy
[38;5;69m[5c4101fc][0m[38;5;173m[Xcode][0m     t =  1061.46s Get all elements bound by index for: Elements matching predicate 'fb_uid IN {"23000000-0000-0000-F013-000000000000"}'
[38;5;69m[5c4101fc][0m[38;5;173m[Xcode][0m     t =  1061.46s     Requesting snapshot of accessibility hierarchy for app with pid 5086
[38;5;69m[5c4101fc][0m[38;5;173m[Xcode][0m     t =  1061.54s     Find: Descendants matching type CollectionView
[38;5;69m[5c4101fc][0m[38;5;173m[Xcode][0m     t =  1061.54s     Find: Elements matching predicate 'fb_uid IN {"23000000-0000-0000-F013-000000000000"}'
[38;5;69m[5c4101fc][0m[38;5;173m[Xcode][0m     t =  1061.54s Find the CollectionView (Element at index 0)
[38;5;69m[5c4101fc][0m[38;5;173m[Xcode][0m     t =  1061.54s     Requesting snapshot of accessibility hierarchy for app with pid 5086
[38;5;69m[5c4101fc][0m[38;5;173m[Xcode][0m     t =  1061.61s     Find: Descendants matching type CollectionView
[38;5;69m[5c4101fc][0m[38;5;173m[Xcode][0m     t =  1061.62s     Find: Elements matching predicate 'fb_uid IN {"23000000-0000-0000-F013-000000000000"}'
[38;5;69m[5c4101fc][0m[38;5;173m[Xcode][0m     t =  1061.62s     Find: Element at index 0
[38;5;69m[5c4101fc][0m[38;5;173m[Xcode][0m     t =  1061.71s Find the "File View" CollectionView
[38;5;69m[5c4101fc][0m[38;5;173m[Xcode][0m     t =  1061.71s     Requesting snapshot of accessibility hierarchy for app with pid 5086
[38;5;69m[5c4101fc][0m[38;5;173m[Xcode][0m     t =  1061.80s     Find: Descendants matching type CollectionView
[38;5;69m[5c4101fc][0m[38;5;173m[Xcode][0m     t =  1061.80s     Find: Elements matching predicate 'fb_uid IN {"23000000-0000-0000-F013-000000000000"}'
[38;5;69m[5c4101fc][0m[38;5;173m[Xcode][0m     t =  1061.80s     Find: Element at index 0
[38;5;69m[5c4101fc][0m[38;5;173m[Xcode][0m     t =  1061.88s Find the "File View" CollectionView
[38;5;69m[5c4101fc][0m[38;5;173m[Xcode][0m     t =  1061.88s     Requesting snapshot of accessibility hierarchy for app with pid 5086
[38;5;69m[5c4101fc][0m[38;5;173m[Xcode][0m     t =  1061.96s     Find: Descendants matching type CollectionView
[38;5;69m[5c4101fc][0m[38;5;173m[Xcode][0m     t =  1061.97s     Find: Elements matching predicate 'fb_uid IN {"23000000-0000-0000-F013-000000000000"}'
[38;5;69m[5c4101fc][0m[38;5;173m[Xcode][0m     t =  1061.97s     Find: Element at index 0
[38;5;69m[5c4101fc][0m[38;5;173m[Xcode][0m     t =  1062.03s Tap "File View" CollectionView
[38;5;69m[5c4101fc][0m[38;5;173m[Xcode][0m 2025-02-07 08:28:39.746242+0530 WebDriverAgentRunner-Runner[5085:1369534] Waiting up to 10s until com.eisplc.winfertility is in idle state (including animations)
[38;5;69m[5c4101fc][0m[38;5;173m[Xcode][0m     t =  1062.03s     Wait for com.eisplc.winfertility to idle
[38;5;69m[5c4101fc][0m[38;5;173m[Xcode][0m     t =  1062.04s     Find the "File View" CollectionView
[38;5;69m[5c4101fc][0m[38;5;173m[Xcode][0m     t =  1062.04s         Requesting snapshot of accessibility hierarchy for app with pid 5086
[38;5;69m[5c4101fc][0m[38;5;173m[Xcode][0m     t =  1062.11s         Find: Descendants matching type CollectionView
[38;5;69m[5c4101fc][0m[38;5;173m[Xcode][0m     t =  1062.12s         Find: Elements matching predicate 'fb_uid IN {"23000000-0000-0000-F013-000000000000"}'
[38;5;69m[5c4101fc][0m[38;5;173m[Xcode][0m     t =  1062.12s         Find: Element at index 0
[38;5;69m[5c4101fc][0m[38;5;173m[Xcode][0m     t =  1062.12s Application is configured to skip UI interruption handling
[38;5;69m[5c4101fc][0m[38;5;173m[Xcode][0m     t =  1062.12s     Synthesize event
[38;5;69m[5c4101fc][0m[38;5;173m[Xcode][0m 2025-02-07 08:28:40.144266+0530 WebDriverAgentRunner-Runner[5085:1369534] Waiting up to 10s until com.eisplc.winfertility is in idle state (including animations)
[38;5;69m[5c4101fc][0m[38;5;109m[XCUITestDriver@e07b][0m Replacing sessionId 6DF50C26-EDAD-4536-AB65-4734112A5F31 with 5c4101fc-81f0-4e7e-a799-2a5c98df72bd
[38;5;69m[5c4101fc][0m[38;5;86m[HTTP][0m <-- POST /wd/hub/session/5c4101fc-81f0-4e7e-a799-2a5c98df72bd/element/23000000-0000-0000-F013-000000000000/click 200 569 ms - 65 
[38;5;69m[5c4101fc][0m[38;5;173m[Xcode][0m     t =  1062.43s     Wait for com.eisplc.winfertility to idle
[38;5;69m[5c4101fc][0m[38;5;86m[HTTP][0m [37m-->[39m [37mPOST[39m [37m/wd/hub/session/5c4101fc-81f0-4e7e-a799-2a5c98df72bd/execute/sync[39m {"script":"mobile: source","args":[{"format":"xml","excludedAttributes":"visible"}]}
[38;5;69m[5c4101fc][0m[38;5;173m[Xcode][0m 2025-02-07 08:28:41.230097+0530 WebDriverAgentRunner-Runner[5085:1369534] The following attributes were requested to be included into the XML: {(
[38;5;69m[5c4101fc][0m[38;5;173m[Xcode][0m     FBTypeAttribute,
[38;5;69m[5c4101fc][0m[38;5;173m[Xcode][0m     FBYAttribute,
[38;5;69m[5c4101fc][0m[38;5;173m[Xcode][0m     FBLabelAttribute,
[38;5;69m[5c4101fc][0m[38;5;173m[Xcode][0m     FBIndexAttribute,
[38;5;69m[5c4101fc][0m[38;5;173m[Xcode][0m     FBXAttribute,
[38;5;69m[5c4101fc][0m[38;5;173m[Xcode][0m     FBNameAttribute,
[38;5;69m[5c4101fc][0m[38;5;173m[Xcode][0m     FBHeightAttribute,
[38;5;69m[5c4101fc][0m[38;5;173m[Xcode][0m     FBAccessibleAttribute,
[38;5;69m[5c4101fc][0m[38;5;173m[Xcode][0m     FBValueAttribute,
[38;5;69m[5c4101fc][0m[38;5;173m[Xcode][0m     FBWidthAttribute,
[38;5;69m[5c4101fc][0m[38;5;173m[Xcode][0m     FBEnabledAttribute
[38;5;69m[5c4101fc][0m[38;5;173m[Xcode][0m )}
[38;5;69m[5c4101fc][0m[38;5;173m[Xcode][0m     t =  1063.52s Requesting snapshot of accessibility hierarchy for app with pid 5086
[38;5;69m[5c4101fc][0m[38;5;86m[HTTP][0m <-- POST /wd/hub/session/5c4101fc-81f0-4e7e-a799-2a5c98df72bd/execute/sync 200 1785 ms - 46578 
[38;5;69m[5c4101fc][0m[38;5;86m[HTTP][0m [37m-->[39m [37mGET[39m [37m/wd/hub/session/5c4101fc-81f0-4e7e-a799-2a5c98df72bd/screenshot[39m {}
[38;5;69m[5c4101fc][0m[38;5;86m[HTTP][0m <-- GET /wd/hub/session/5c4101fc-81f0-4e7e-a799-2a5c98df72bd/screenshot 200 195 ms - 1489460 
[38;5;69m[5c4101fc][0m[38;5;86m[HTTP][0m [37m-->[39m [37mDELETE[39m [37m/wd/hub/session/5c4101fc-81f0-4e7e-a799-2a5c98df72bd[39m {}
[38;5;69m[5c4101fc][0m[38;5;130m[AppiumDriver@3a66][0m Removing session 5c4101fc-81f0-4e7e-a799-2a5c98df72bd from our master session list
[38;5;69m[5c4101fc][0m[38;5;173m[Xcode][0m     t =  1190.48s Terminate com.eisplc.winfertility:5086
[38;5;69m[5c4101fc][0m[38;5;23m[DevCon Factory][0m Releasing connections for 00008110-001E6CE00293801E device on any port number
[38;5;69m[5c4101fc][0m[38;5;23m[DevCon Factory][0m Found cached connections to release: ["00008110-001E6CE00293801E:55291","00008110-001E6CE00293801E:9100"]
[38;5;69m[5c4101fc][0m[38;5;23m[DevCon Factory][0m Releasing the listener for '00008110-001E6CE00293801E:55291'
[38;5;69m[5c4101fc][0m[38;5;23m[DevCon Factory][0m Releasing the listener for '00008110-001E6CE00293801E:9100'
[38;5;69m[5c4101fc][0m[38;5;131m[iProxy@00008110:9100][0m The connection has been closed
[38;5;69m[5c4101fc][0m[38;5;86m[HTTP][0m <-- DELETE /wd/hub/session/5c4101fc-81f0-4e7e-a799-2a5c98df72bd 200 1049 ms - 14 
[38;5;112m[Appium][0m Received SIGTERM - shutting down
[38;5;86m[HTTP][0m Closing Appium HTTP server
[38;5;86m[HTTP][0m Appium HTTP server has been succesfully closed after 0ms
